Substrate	SMILES_options
maltoheptaose	['C([C@@H]1[C@H]([C@@H]([C@H]([C@H](O1)O[C@@H]2[C@H](O[C@@H]([C@@H]([C@H]2O)O)O[C@@H]3[C@H](O[C@@H]([C@@H]([C@H]3O)O)O[C@@H]4[C@H](O[C@@H]([C@@H]([C@H]4O)O)O[C@@H]5[C@H](O[C@@H]([C@@H]([C@H]5O)O)O[C@@H]6[C@H](O[C@@H]([C@@H]([C@H]6O)O)O[C@@H]7[C@H](OC([C@@H]([C@H]7O)O)O)CO)CO)CO)CO)CO)CO)O)O)O)O', 'C(C1C(C(C(C(O1)OC2C(OC(C(C2O)O)OC3C(OC(C(C3O)O)OC4C(OC(C(C4O)O)OC5C(OC(C(C5O)O)OC6C(OC(C(C6O)O)OC7C(OC(C(C7O)O)O)CO)CO)CO)CO)CO)CO)O)O)O)O', 'C([C@@H]1[C@H]([C@@H]([C@H]([C@H](O1)O[C@@H]2[C@H](O[C@@H]([C@@H]([C@H]2O)O)O[C@@H]3[C@H](O[C@@H]([C@@H]([C@H]3O)O)O[C@@H]4[C@H](O[C@@H]([C@@H]([C@H]4O)O)O[C@@H]5[C@H](O[C@@H]([C@@H]([C@H]5O)O)O[C@@H]6[C@H](O[C@@H]([C@@H]([C@H]6O)O)O[C@@H]7[C@H](O[C@@H]([C@@H]([C@H]7O)O)O)CO)CO)CO)CO)CO)CO)O)O)O)O', 'C([C@H]1[C@@H]([C@H]([C@@H]([C@@H](O1)O[C@H]2[C@@H](O[C@H]([C@H]([C@@H]2O)O)O[C@H]3[C@@H](O[C@H]([C@H]([C@@H]3O)O)O[C@@H]4[C@H](O[C@@H]([C@@H]([C@H]4O)O)O[C@@H]5[C@H](O[C@@H]([C@@H]([C@H]5O)O)O[C@@H]6[C@H](O[C@@H]([C@@H]([C@H]6O)O)O[C@@H]7[C@H](OC([C@@H]([C@H]7O)O)O)CO)CO)CO)CO)CO)CO)O)O)O)O']
acetylcarnosine	['CC(=O)NCCC(=O)N[C@@H](CC1=CN=CN1)C(=O)O', 'CC(=O)NCCC(=O)N[C@H](CC1=CN=CN1)C(=O)O']
hypothiocyanite	['C(#N)SO', 'C(#N)S[O-]']
fibrinogen	['C([C@H]([C@@H]([C@H]([C@@H](CO)O)O)O)O)O', 'C(C(C(C(C(CO)O)O)O)O)O']
cis-vaccenoyl-CoA	['CCCCCC/C=C\\CCCCCCCCCC(=O)SCCNC(=O)CCNC(=O)[C@@H](C(C)(C)COP(=O)(O)OP(=O)(O)OC[C@@H]1[C@H]([C@H]([C@@H](O1)N2C=NC3=C(N=CN=C32)N)O)OP(=O)(O)O)O', 'CCCCCC/C=C\\CCCCCCCCCC(=O)SCCNC(=O)CCNC(=O)[C@@H](C(C)(C)COP(=O)([O-])OP(=O)([O-])OC[C@@H]1[C@H]([C@H]([C@@H](O1)N2C=NC3=C(N=CN=C32)N)O)OP(=O)([O-])[O-])O']
3-oxoeicosanoyl-CoA	['CCCCCCCCCCCCCCCCCC(=O)CC(=O)SCCNC(=O)CCNC(=O)[C@@H](C(C)(C)COP(=O)(O)OP(=O)(O)OC[C@@H]1[C@H]([C@H]([C@@H](O1)N2C=NC3=C(N=CN=C32)N)O)OP(=O)(O)O)O', 'CCCCCCCCCCCCCCCCCC(=O)CC(=O)SCCNC(=O)CCNC(=O)[C@@H](C(C)(C)COP(=O)([O-])OP(=O)([O-])OC[C@@H]1[C@H]([C@H]([C@@H](O1)N2C=NC3=C(N=CN=C32)N)O)OP(=O)([O-])[O-])O']
(2E)-eicosenoyl-CoA	['CCCCCCCCCCCCCCCCC/C=C/C(=O)SCCNC(=O)CCNC(=O)[C@@H](C(C)(C)COP(=O)([O-])OP(=O)([O-])OC[C@@H]1[C@H]([C@H]([C@@H](O1)N2C=NC3=C(N=CN=C32)N)O)OP(=O)([O-])[O-])O', 'CCCCCCCCCCCCCCCCC/C=C/C(=O)SCCNC(=O)CCNC(=O)[C@@H](C(C)(C)COP(=O)(O)OP(=O)(O)OC[C@@H]1[C@H]([C@H]([C@@H](O1)N2C=NC3=C(N=CN=C32)N)O)OP(=O)(O)O)O']
(2E)-tetracosenoyl-CoA	['CCCCCCCCCCCCCCCCCCCCC/C=C/C(=O)SCCNC(=O)CCNC(=O)[C@@H](C(C)(C)COP(=O)([O-])OP(=O)([O-])OC[C@@H]1[C@H]([C@H]([C@@H](O1)N2C=NC3=C(N=CN=C32)N)O)OP(=O)([O-])[O-])O', 'CCCCCCCCCCCCCCCCCCCCC/C=C/C(=O)SCCNC(=O)CCNC(=O)C(C(C)(C)COP(=O)(O)OP(=O)(O)OCC1C(C(C(O1)N2C=NC3=C(N=CN=C32)N)O)OP(=O)(O)O)O']
(2E)-hexacosenoyl-CoA	['CCCCCCCCCCCCCCCCCCCCCCC/C=C/C(=O)SCCNC(=O)CCNC(=O)[C@@H](C(C)(C)COP(=O)([O-])OP(=O)([O-])OC[C@@H]1[C@H]([C@H]([C@@H](O1)N2C=NC3=C(N=CN=C32)N)O)OP(=O)([O-])[O-])O', 'CCCCCCCCCCCCCCCCCCCCCCC/C=C/C(=O)SCCNC(=O)CCNC(=O)C(C(C)(C)COP(=O)(O)OP(=O)(O)OCC1C(C(C(O1)N2C=NC3=C(N=CN=C32)N)O)OP(=O)(O)O)O']
heneicosanoyl-CoA	['CCCCCCCCCCCCCCCCCCCCC(=O)SCCNC(=O)CCNC(=O)[C@@H](C(C)(C)COP(=O)(O)OP(=O)(O)OC[C@@H]1C([C@@H]([C@@H](O1)N2C=NC3=C(N=CN=C32)N)O)OP(=O)(O)O)O', 'CCCCCCCCCCCCCCCCCCCCC(=O)SCCNC(=O)CCNC(=O)[C@@H](C(C)(C)COP(=O)(O)OP(=O)(O)OC[C@@H]1[C@H]([C@H]([C@@H](O1)N2C=NC3=C(N=CN=C32)N)O)OP(=O)(O)O)O']
(2E)-tricosenoyl-CoA	['CCCCCCCCCCCCCCCCCCCC/C=C/C(=O)SCCNC(=O)CCNC(=O)[C@@H](C(C)(C)COP(=O)(O)OP(=O)(O)OC[C@@H]1[C@H]([C@H]([C@@H](O1)N2C=NC3=C(N=CN=C32)N)O)OP(=O)(O)O)O', 'CCCCCCCCCCCCCCCCCCCC/C=C/C(=O)SCCNC(=O)CCNC(=O)[C@@H](C(C)(C)COP(=O)([O-])OP(=O)([O-])OC[C@@H]1[C@H]([C@H]([C@@H](O1)N2C=NC3=C(N=CN=C32)N)O)OP(=O)([O-])[O-])O']
5(S)-HEPE	['CC/C=C\\C/C=C\\C/C=C\\C/C=C\\C=C\\[C@H](CCCC(=O)O)O', 'CC/C=C\\C/C=C\\C/C=C\\C/C=C\\C=C\\C(CCCC(=O)O)O', 'CC/C=C\\C/C=C\\C/C=C\\C/C=C\\C=C/[C@H](CCCC(=O)O)O']
12-oxo-c-LTB3	['CCCCC/C=C\\CC(=O)C/C=C/C=C/[C@@H]([C@@H](CCCC(=O)O)O)SC[C@H](C(=O)NCC(=O)O)NC(=O)CC[C@H](C(=O)O)N', 'CCCCC/C=C\\CC(=O)C/C=C/C=C/[C@@H]([C@@H](CCCC(=O)O)O)SC[C@@H](C(=O)NCC(=O)O)NC(=O)CC[C@@H](C(=O)O)N']
pentadecanoyl-CoA	['CCCCCCCCCCCCCCC(=O)SCCNC(=O)CCNC(=O)[C@@H](C(C)(C)COP(=O)(O)OP(=O)(O)OC[C@@H]1[C@H]([C@H]([C@@H](O1)N2C=NC3=C(N=CN=C32)N)O)OP(=O)(O)O)O', 'CCCCCCCCCCCCCCC(=O)SCCNC(=O)CCNC(=O)[C@@H](C(C)(C)COP(=O)([O-])OP(=O)([O-])OC[C@@H]1[C@H]([C@H]([C@@H](O1)N2C=NC3=C(N=CN=C32)N)O)OP(=O)([O-])[O-])O']
tricosanoyl-CoA	['CCCCCCCCCCCCCCCCCCCCCCC(=O)SCCNC(=O)CCNC(=O)[C@@H](C(C)(C)COP(=O)(O)OP(=O)(O)OC[C@@H]1[C@H]([C@H]([C@@H](O1)N2C=NC3=C(N=CN=C32)N)O)OP(=O)(O)O)O', 'CCCCCCCCCCCCCCCCCCCCCCC(=O)SCCNC(=O)CCNC(=O)[C@@H](C(C)(C)COP(=O)([O-])OP(=O)([O-])OC[C@@H]1[C@H]([C@H]([C@@H](O1)N2C=NC3=C(N=CN=C32)N)O)OP(=O)([O-])[O-])O']
(2E)-pentadecenoyl-CoA	['CCCCCCCCCCCC/C=C/C(=O)SCCNC(=O)CCNC(=O)[C@@H](C(C)(C)COP(=O)([O-])OP(=O)([O-])OC[C@@H]1[C@H]([C@H]([C@@H](O1)N2C=NC3=C(N=CN=C32)N)O)OP(=O)([O-])[O-])O', 'CCCCCCCCCCCC/C=C/C(=O)SCCNC(=O)CCNC(=O)C(C(C)(C)COP(=O)(O)OP(=O)(O)OCC1C(C(C(O1)N2C=NC3=C(N=CN=C32)N)O)OP(=O)(O)O)O']
(2E)-pentenoyl-CoA	['CC/C=C/C(=O)SCCNC(=O)CCNC(=O)[C@@H](C(C)(C)COP(=O)(O)OP(=O)(O)OC[C@@H]1[C@H]([C@H]([C@@H](O1)N2C=NC3=C(N=CN=C32)N)O)OP(=O)(O)O)O', 'CC/C=C/C(=O)SCCNC(=O)CCNC(=O)[C@@H](C(C)(C)COP(=O)([O-])OP(=O)([O-])OC[C@@H]1[C@H]([C@H]([C@@H](O1)N2C=NC3=C(N=CN=C32)N)O)OP(=O)([O-])[O-])O']
3-oxopentanoyl-CoA	['CCC(=O)CC(=O)SCCNC(=O)CCNC(=O)C(C(C)(C)COP(=O)(O)OP(=O)(O)OCC1C(C(C(O1)N2C=NC3=C(N=CN=C32)N)O)OP(=O)(O)O)O', 'CCC(=O)CC(=O)SCCNC(=O)CCNC(=O)[C@@H](C(C)(C)COP(=O)([O-])OP(=O)([O-])OC[C@@H]1[C@H]([C@H]([C@@H](O1)N2C=NC3=C(N=CN=C32)N)O)OP(=O)([O-])[O-])O']
(S)-3-hydroxy-11-cis-octadecenoyl-CoA	['CCCCCC/C=C\\CCCCCCC[C@@H](CC(=O)SCCNC(=O)CCNC(=O)[C@@H](C(C)(C)COP(=O)([O-])OP(=O)([O-])OC[C@@H]1[C@H]([C@H]([C@@H](O1)N2C=NC3=C(N=CN=C32)N)O)OP(=O)([O-])[O-])O)O', 'CCCCCC/C=C/CCCCCCCC(CC(=O)SCCNC(=O)CCNC(=O)C(C(C)(C)COP(=O)(O)OP(=O)(O)OCC1C(C(C(O1)N2C=NC3=C(N=CN=C32)N)O)OP(=O)(O)O)O)O']
3-oxo-11-cis-octadecenoyl-CoA	['CCCCCC/C=C\\CCCCCCCC(=O)CC(=O)SCCNC(=O)CCNC(=O)[C@@H](C(C)(C)COP(=O)([O-])OP(=O)([O-])OC[C@@H]1[C@H]([C@H]([C@@H](O1)N2C=NC3=C(N=CN=C32)N)O)OP(=O)([O-])[O-])O', 'CCCCCC/C=C/CCCCCCCC(=O)CC(=O)SCCNC(=O)CCNC(=O)C(C(C)(C)COP(=O)(O)OP(=O)(O)OCC1C(C(C(O1)N2C=NC3=C(N=CN=C32)N)O)OP(=O)(O)O)O']
4alpha-carboxy-5alpha-cholesta-8,24-dien-3beta-ol	['C[C@H](CCC=C(C)C)[C@H]1CCC2[C@@]1(CCC3=C2CC[C@@H]4[C@@]3(CC[C@@H]([C@H]4C(=O)O)O)C)C', 'C[C@H](CCC=C(C)C)[C@H]1CC[C@@H]2[C@@]1(CCC3=C2CC[C@@H]4[C@@]3(CC[C@@H]([C@H]4C(=O)O)O)C)C']
estrone-2,3-quinone	['C[C@]12CC[C@H]3[C@H]([C@@H]1CCC2=O)CCC4=CC(=O)C(=O)C=C34', 'C[C@]12CCC3C(C1CCC2=O)CCC4=CC(=O)C(=O)C=C34']
GA1	['C[C@@]12[C@H](CC[C@@]3([C@@H]1[C@@H]([C@]45[C@H]3CC[C@](C4)(C(=C)C5)O)C(=O)O)OC2=O)O', 'C[C@]12[C@H](CC[C@@]3([C@@H]1[C@@H]([C@]45[C@H]3CC[C@](C4)(C(=C)C5)O)C(=O)[O-])OC2=O)O']
N-acetylgalactosamine	['CC(=O)N[C@@H]1[C@H]([C@H]([C@H](O[C@@H]1O)CO)O)O', 'CC(=O)N[C@@H]1[C@H]([C@H]([C@H](OC1O)CO)O)O', 'CC(=O)N[C@@H]1[C@H]([C@H]([C@H](O[C@H]1O)CO)O)O']
sphingosylphosphorylcholine	['CCCCCCCCCCCCC/C=C/[C@H]([C@H](COP(=O)([O-])OCC[N+](C)(C)C)N)O', 'CCCCCCCCCCCCC/C=C/[C@H]([C@H](COP(=O)(O)OCC[N+](C)(C)C)N)O', 'CCCCCCCCCCCCC/C=C/[C@H]([C@H](COP(=O)([O-])OCC[N+](C)(C)C)[NH3+])O']
lc3Cer	['CCCCCCCCCCCCC/C=C/[C@H]([C@H](CO[C@H]1[C@@H]([C@H]([C@@H]([C@H](O1)CO)O[C@H]2[C@@H]([C@H]([C@H]([C@H](O2)CO)O)O[C@H]3[C@@H]([C@H]([C@@H]([C@H](O3)CO)O)O)NC(=O)C)O)O)O)NC(=O)C)O', 'CCCCCCCCCCCCC/C=C\\[C@H]([C@H](CO[C@H]1[C@@H]([C@H]([C@@H]([C@H](O1)CO)O[C@H]2[C@@H]([C@H]([C@H]([C@H](O2)CO)O)O[C@H]3[C@@H]([C@H]([C@@H]([C@H](O3)CO)O)O)NC(=O)C)O)O)O)NC(=O)C)O']
IV2Fuc-nLc4Cer	['CCCCCCCCCCCCC/C=C/[C@H]([C@H](CO[C@H]1[C@@H]([C@H]([C@@H]([C@H](O1)CO)O[C@H]2[C@@H]([C@H]([C@H]([C@H](O2)CO)O)O[C@H]3[C@@H]([C@H]([C@@H]([C@H](O3)CO)O[C@H]4[C@@H]([C@H]([C@H]([C@H](O4)CO)O)O)O[C@H]5[C@H]([C@@H]([C@@H]([C@@H](O5)C)O)O)O)O)NC(=O)C)O)O)O)NC(=O)C)O', 'CCCCCCCCCCCCC/C=C\\[C@H]([C@H](CO[C@H]1[C@@H]([C@H]([C@@H]([C@H](O1)CO)O[C@H]2[C@@H]([C@H]([C@H]([C@H](O2)CO)O)O[C@H]3[C@@H]([C@H]([C@@H]([C@H](O3)CO)O[C@H]4[C@@H]([C@H]([C@H]([C@H](O4)CO)O)O)O[C@H]5[C@H]([C@@H]([C@@H]([C@@H](O5)C)O)O)O)O)NC(=O)C)O)O)O)NC(=O)C)O']
nLc6Cer	['CCCCCCCCCCCCC/C=C/[C@H]([C@H](CO[C@H]1[C@@H]([C@H]([C@@H]([C@H](O1)CO)O[C@H]2[C@@H]([C@H]([C@H]([C@H](O2)CO)O)O[C@H]3[C@@H]([C@H]([C@@H]([C@H](O3)CO)O[C@H]4[C@@H]([C@H]([C@H]([C@H](O4)CO)O)O[C@H]5[C@@H]([C@H]([C@@H]([C@H](O5)CO)O[C@H]6[C@@H]([C@H]([C@H]([C@H](O6)CO)O)O)O)O)NC(=O)C)O)O)NC(=O)C)O)O)O)NC(=O)C)O', 'CCCCCCCCCCCCC/C=C\\[C@H]([C@H](CO[C@H]1[C@@H]([C@H]([C@@H]([C@H](O1)CO)O[C@H]2[C@@H]([C@H]([C@H]([C@H](O2)CO)O)O[C@H]3[C@@H]([C@H]([C@@H]([C@H](O3)CO)O[C@H]4[C@@H]([C@H]([C@H]([C@H](O4)CO)O)O[C@H]5[C@@H]([C@H]([C@@H]([C@H](O5)CO)O[C@H]6[C@@H]([C@H]([C@H]([C@H](O6)CO)O)O)O)O)NC(=O)C)O)O)NC(=O)C)O)O)O)NC(=O)C)O']
VI2Fuc-nLc6	['CCCCCCCCCCCCC/C=C/[C@H]([C@H](CO[C@H]1[C@@H]([C@H]([C@@H]([C@H](O1)CO)O[C@H]2[C@@H]([C@H]([C@H]([C@H](O2)CO)O)O[C@H]3[C@@H]([C@H]([C@@H]([C@H](O3)CO)O[C@H]4[C@@H]([C@H]([C@H]([C@H](O4)CO)O)O[C@H]5[C@@H]([C@H]([C@@H]([C@H](O5)CO)O[C@H]6[C@@H]([C@H]([C@H]([C@H](O6)CO)O)O)O[C@H]7[C@H]([C@@H]([C@@H]([C@@H](O7)C)O)O)O)O)NC(=O)C)O)O)NC(=O)C)O)O)O)NC(=O)C)O', 'CCCCCCCCCCCCC/C=C\\[C@H]([C@H](CO[C@H]1[C@@H]([C@H]([C@@H]([C@H](O1)CO)O[C@H]2[C@@H]([C@H]([C@H]([C@H](O2)CO)O)O[C@H]3[C@@H]([C@H]([C@@H]([C@H](O3)CO)O[C@H]4[C@@H]([C@H]([C@H]([C@H](O4)CO)O)O[C@H]5[C@@H]([C@H]([C@@H]([C@H](O5)CO)O[C@H]6[C@@H]([C@H]([C@H]([C@H](O6)CO)O)O)O[C@H]7[C@H]([C@@H]([C@@H]([C@@H](O7)C)O)O)O)O)NC(=O)C)O)O)NC(=O)C)O)O)O)NC(=O)C)O']
23S,25,26-trihydroxyvitamin D3	['C[C@H](C[C@@H](CC(C)(CO)O)O)[C@H]1CC[C@@H]\\2[C@@]1(CCC/C2=C\\C=C/3\\C[C@H](CCC3=C)O)C', 'C[C@H](C[C@@H](C[C@](C)(CO)O)O)[C@H]1CC[C@@H]\\2[C@@]1(CCC/C2=C\\C=C\\3/C[C@H](CCC3=C)O)C']
24-oxo-1alpha,25-dihydroxyvitamin D3	['C[C@H](CCC(=O)C(C)(C)O)[C@H]1CC[C@@H]\\2[C@@]1(CCC/C2=C\\C=C/3\\C[C@H](C[C@@H](C3=C)O)O)C', 'C[C@H](CCC(=O)C(C)(C)O)[C@H]1CC[C@@H]\\2[C@@]1(CCC/C2=C\\C=C\\3/C[C@H](C[C@@H](C3=C)O)O)C']
neurotensin	['CC[C@H](C)[C@@H](C(=O)N[C@@H](CC(C)C)C(=O)O)NC(=O)[C@H](CC1=CC=C(C=C1)O)NC(=O)[C@@H]2CCCN2C(=O)[C@H](CCCN=C(N)N)NC(=O)[C@H](CCCN=C(N)N)NC(=O)[C@@H]3CCCN3C(=O)[C@H](CCCCN)NC(=O)[C@H](CC(=O)N)NC(=O)[C@H](CCC(=O)O)NC(=O)[C@H](CC4=CC=C(C=C4)O)NC(=O)[C@H](CC(C)C)NC(=O)[C@@H]5CCC(=O)N5', 'CCC(C)C(C(=O)NC(CC(C)C)C(=O)O)NC(=O)C(CC1=CC=C(C=C1)O)NC(=O)C2CCCN2C(=O)C(CCCN=C(N)N)NC(=O)C(CCCN=C(N)N)NC(=O)C3CCCN3C(=O)C(CCCCN)NC(=O)C(CC(=O)N)NC(=O)C(CCC(=O)O)NC(=O)C(CC4=CC=C(C=C4)O)NC(=O)C(CC(C)C)NC(=O)C5CCC(=O)N5', 'CC[C@@H](C)[C@H](C(=O)N[C@@H](CC(C)C)C(=O)O)NC(=O)[C@H](CC1=CC=C(C=C1)O)NC(=O)[C@H]2CCCN2C(=O)[C@H](CCCN=C(N)N)NC(=O)[C@H](CCCN=C(N)N)NC(=O)[C@H]3CCCN3C(=O)[C@H](CCCCN)NC(=O)[C@H](CC(=O)N)NC(=O)[C@H](CCC(=O)O)NC(=O)[C@@H](CC4=CC=C(C=C4)O)NC(=O)[C@H](CC(C)C)NC(=O)[C@H]5CCC(=O)N5', 'CC[C@H](C)[C@@H](C(=O)N[C@@H](CC(C)C)C(=O)O)NC(=O)[C@H](CC1=CC=C(C=C1)O)NC(=O)[C@@H]2CCCN2C(=O)[C@H](CCCN=C(N)N)NC(=O)[C@H](CCCN=C(N)N)NC(=O)[C@@H]3CCCN3C(=O)[C@H](CCCCN)NC(=O)C(CC(=O)N)NC(=O)[C@H](CCC(=O)O)NC(=O)[C@H](CC4=CC=C(C=C4)O)NC(=O)[C@H](CC(C)C)NC(=O)[C@@H]5CCC(=O)N5', 'CC[C@H](C)[C@@H](C(=O)N[C@@H](CC(C)C)C(=O)O)NC(=O)[C@H](CC1=CC=C(C=C1)O)NC(=O)[C@@H]2CCCN2C(=O)[C@H](CCCN=C(N)N)NC(=O)[C@H](CCCN=C(N)N)NC(=O)[C@@H]3CCCN3C(=O)[C@@H](CCCCN)NC(=O)[C@@H](CC(=O)N)NC(=O)[C@@H](CCC(=O)O)NC(=O)[C@H](CC4=CC=C(C=C4)O)NC(=O)[C@@H](CC(C)C)NC(=O)[C@@H]5CCC(=O)N5']
neuromedin B	['C[C@H]([C@@H](C(=O)NCC(=O)N[C@@H](CC1=CN=CN1)C(=O)N[C@@H](CC2=CC=CC=C2)C(=O)N[C@@H](CCSC)C(=O)N)NC(=O)[C@H](C)NC(=O)[C@H](CC3=CNC4=CC=CC=C43)NC(=O)[C@H](CC(C)C)NC(=O)[C@H](CC(=O)N)NC(=O)CN)O', 'CC(C)CC(C(=O)NC(CC1=CNC2=CC=CC=C21)C(=O)NC(C)C(=O)NC(C(C)O)C(=O)NCC(=O)NC(CC3=CN=CN3)C(=O)NC(CC4=CC=CC=C4)C(=O)NC(CCSC)C(=O)N)NC(=O)C(CC(=O)N)NC(=O)CN', 'C[C@H]([C@@H](C(=O)NCC(=O)N[C@@H](CC1=CN=CN1)C(=O)NC(CC2=CC=CC=C2)C(=O)N[C@@H](CCSC)C(=O)N)NC(=O)[C@H](C)NC(=O)[C@H](CC3=CNC4=CC=CC=C43)NC(=O)[C@H](CC(C)C)NC(=O)[C@H](CC(=O)N)NC(=O)CN)O', 'C[C@H]([C@@H](C(=O)NCC(=O)N[C@@H](CC1=CN=CN1)C(=O)N[C@H](CC2=CC=CC=C2)C(=O)N[C@@H](CCSC)C(=O)N)NC(=O)[C@@H](C)NC(=O)[C@@H](CC3=CNC4=CC=CC=C43)NC(=O)[C@H](CC(C)C)NC(=O)[C@@H](CC(=O)N)NC(=O)CN)O']
beta-casomorphin	['C1CC(N(C1)C(=O)C(CC2=CC=C(C=C2)O)N)C(=O)NC(CC3=CC=CC=C3)C(=O)N4CCCC4C(=O)N', 'C1CC(N(C1)C(=O)C(CC2=CC=C(C=C2)O)N)C(=O)NC(CC3=CC=CC=C3)C(=O)N4CCCC4C(=O)N.Cl']
chitin	['CC(=O)NC1[C@@H](OC(C(C1O)O)CO)O', 'CC(=O)N[C@@H]1[C@H]([C@@H]([C@H](O[C@H]1O)CO)O)O', 'CC(=O)N[C@H]1[C@@H]([C@H]([C@@H](O[C@H]1O)CO)O)O', 'CC(=O)NC1C(C(C(OC1O)CO)O)O']
neocasomorphin (1-5)	['CC(C)[C@@H](C(=O)N[C@@H](CCC(=O)O)C(=O)N1CCC[C@H]1C(=O)O)NC(=O)[C@@H]2CCCN2C(=O)[C@H](CC3=CC=C(C=C3)O)N', 'CC(C)[C@@H](C(=O)N[C@H](CCC(=O)O)C(=O)N1CCC[C@@H]1C(=O)O)NC(=O)[C@H]2CCCN2C(=O)[C@@H](CC3=CC=C(C=C3)O)N']
kinetensin 1-7	['CC[C@@H](C)[C@H](C(=O)N[C@@H](C)C(=O)N[C@H](CCCN=C(N)N)C(=O)N[C@@H](CCCN=C(N)N)C(=O)N[C@@H](CC1=CN=CN1)C(=O)N2CCC[C@@H]2C(=O)N[C@H](CC3=CC=C(C=C3)O)C(=O)O)N', 'CC[C@H](C)[C@@H](C(=O)N[C@@H](C)C(=O)N[C@@H](CCCN=C(N)N)C(=O)N[C@@H](CCCN=C(N)N)C(=O)N[C@@H](CC1=CN=CN1)C(=O)N2CCC[C@H]2C(=O)N[C@@H](CC3=CC=C(C=C3)O)C(=O)O)N']
1-Acylglycerone 3-Phosphate	['C(C(=O)COP(=O)(O)O)OC=O', 'C(C(=O)COP(=O)([O-])[O-])OC=O']
4,4-Dimethylcholesta-8(9),14-Dien-3Beta-Ol	['C[C@H](CCCC(C)C)[C@H]1CC=C2[C@@]1(CCC3=C2CCC4[C@@]3(CC[C@@H](C4(C)C)O)C)C', 'C[C@@H](CCCC(C)C)[C@@H]1CC=C2[C@]1(CCC3=C2CC[C@@H]4[C@]3(CC[C@H](C4(C)C)O)C)C']
Glycylproline	['C1CC(N(C1)C(=O)CN)C(=O)O', 'C1C[C@H](N(C1)C(=O)CN)C(=O)O']
Leucyl-Proline	['CC(C)C[C@@H](C(=O)N1CCC[C@H]1C(=O)O)N', 'CC(C)CC(C(=O)N1CCCC1C(=O)O)N']
Prolyl-Cysteine	['C1C[C@H](NC1)C(=O)N[C@@H](CS)C(=O)O', 'C1CC(NC1)C(=O)NC(CS)C(=O)O']
Tyrosyl-Glutamate	['C1=CC(=CC=C1C[C@@H](C(=O)N[C@@H](CCC(=O)O)C(=O)O)N)O', 'C1=CC(=CC=C1CC(C(=O)NC(CCC(=O)O)C(=O)O)N)O']
1-Stearoylglycerophosphocholine	['CCCCCCCCCCCCCCCCCC(=O)OC[C@H](COP(=O)([O-])OCC[N+](C)(C)C)O', 'CCCCCCCCCCCCCCCCCC(=O)OC[C@H](COP(=O)(O)OCC[N+](C)(C)C)O']
cyclosporine	['CC[C@H]1C(=O)N(CC(=O)N([C@H](C(=O)N[C@H](C(=O)N([C@H](C(=O)N[C@H](C(=O)N[C@@H](C(=O)N([C@H](C(=O)N([C@H](C(=O)N([C@H](C(=O)N([C@H](C(=O)N1)[C@@H]([C@H](C)C/C=C/C)O)C)C(C)C)C)CC(C)C)C)CC(C)C)C)C)C)CC(C)C)C)C(C)C)CC(C)C)C)C', 'CCC1C(=O)N(CC(=O)N(C(C(=O)NC(C(=O)N(C(C(=O)NC(C(=O)NC(C(=O)N(C(C(=O)N(C(C(=O)N(C(C(=O)N(C(C(=O)N1)[C@@H]([C@H](C)C/C=C/C)O)C)C(C)C)C)CC(C)C)C)CC(C)C)C)C)C)CC(C)C)C)C(C)C)CC(C)C)C)C', 'CCC1C(=O)N(CC(=O)N(C(C(=O)NC(C(=O)N(C(C(=O)NC(C(=O)NC(C(=O)N(C(C(=O)N(C(C(=O)N(C(C(=O)N(C(C(=O)N1)C(C(C)C/C=C/C)O)C)C(C)C)C)CC(C)C)C)CC(C)C)C)C)C)CC(C)C)C)C(C)C)CC(C)C)C)C', 'CCC1C(=O)N(CC(=O)N(C(C(=O)NC(C(=O)N(C(C(=O)NC(C(=O)NC(C(=O)N(C(C(=O)N(C(C(=O)N(C(C(=O)N(C(C(=O)N1)C(C(C)CC=CC)O)C)C(C)C)C)CC(C)C)C)CC(C)C)C)C)C)CC(C)C)C)C(C)C)CC(C)C)C)C', 'CC[C@@H]1C(=O)N(CC(=O)N([C@H](C(=O)N[C@H](C(=O)N([C@@H](C(=O)N[C@H](C(=O)N[C@H](C(=O)N([C@H](C(=O)N([C@H](C(=O)N([C@@H](C(=O)N([C@H](C(=O)N1)[C@@H]([C@H](C)C/C=C/C)O)C)C(C)C)C)CC(C)C)C)CC(C)C)C)C)C)CC(C)C)C)C(C)C)CC(C)C)C)C', 'CCC1C(=O)N(CC(=O)N(C(C(=O)NC(C(=O)N(C(C(=O)NC(C(=O)NC(C(=O)N(C(C(=O)N(C(C(=O)N(C(C(=O)N(C(C(=O)N1)[C@H]([C@H](C)C/C=C\\C)O)C)C(C)C)C)CC(C)C)C)CC(C)C)C)C)C)CC(C)C)C)C(C)C)CC(C)C)C)C', 'CC[C@H]1C(=O)N(CC(=O)N([C@H](C(=O)NC(C(=O)N([C@H](C(=O)N[C@H](C(=O)N[C@@H](C(=O)N([C@H](C(=O)N([C@H](C(=O)N([C@H](C(=O)N([C@H](C(=O)N1)[C@@H]([C@H](C)C/C=C/C)O)C)C(C)C)C)CC(C)C)C)CC(C)C)C)C)C)CC(C)C)C)C(C)C)CC(C)C)C)C', 'CC[C@@H]1C(=O)N(CC(=O)N([C@@H](C(=O)N[C@@H](C(=O)N([C@@H](C(=O)N[C@@H](C(=O)NC(C(=O)N([C@@H](C(=O)N([C@@H](C(=O)N([C@@H](C(=O)N(C(C(=O)N1)C([C@@H](C)C/C=C/C)O)C)C(C)C)C)CC(C)C)C)CC(C)C)C)C)C)CC(C)C)C)C(C)C)CC(C)C)C)C']
heme	['CC1=C(C2=CC3=C(C(=C([N-]3)C=C4C(=C(C(=N4)C=C5C(=C(C(=N5)C=C1[N-]2)C)C=C)C)C=C)C)CCC(=O)O)CCC(=O)O.[Fe+2]', 'CC1=C(C2=CC3=NC(=CC4=C(C(=C([N-]4)C=C5C(=C(C(=N5)C=C1[N-]2)C=C)C)C=C)C)C(=C3CCC(=O)O)C)CCC(=O)O.[Fe+2]', 'CC1=C(C2=CC3=NC(=CC4=C(C(=C([N-]4)C=C5C(=C(C(=N5)C=C1[N-]2)C=C)C)C=C)C)C(=C3CCC(=O)O)C)CCC(=O)O.[Fe+2]', 'CC1=C(C2=CC3=NC(=CC4=C(C(=C([N-]4)C=C5C(=C(C(=N5)C=C1[N-]2)C)C=C)C)C=C)C(=C3CCC(=O)O)C)CCC(=O)O.[Fe+2]', 'CC1=C(C2=CC3=NC(=CC4=C(C(=C([N-]4)C=C5C(=C(C(=N5)C=C1[N-]2)C=C)C)C=C)C)C(=C3CCC(=O)O)C)CCC(=O)O.[Fe]']
