Enzyme_id	type	sequence	smiles
Q8N4Q0	wild	MLRLVPTGARAIVDMSYARHFLDFQGSAIPQAMQKLVVTRLSPNFREAVTLSRDCPVPLPGDGDLLVRNRFVGVNASDINYSAGRYDPSVKPPFDIGFEGIGEVVALGLSASARYTVGQAVAYMAPGSFAEYTVVPASIATPVPSVKPEYLTLLVSGTTAYISLKELGGLSEGKKVLVTAAAGGTGQFAMQLSKKAKCHVIGTCSSDEKSAFLKSLGCDRPINYKTEPVGTVLKQEYPEGVDVVYESVGGAMFDLAVDALATKGRLIVIGFISGYQTPTGLSPVKAGTLPAKLLKKSASVQGFFLNHYLSKYQAAMSHLLEMCVSGDLVCEVDLGDLSPEGRFTGLESIFRAVNYMYMGKNTGKIVVELPHSVNSKL	C1=CC(=C(C=C1Cl)C2=NC(=NC(=N2)N)N)Cl
Q8N4Q0	wild	MLRLVPTGARAIVDMSYARHFLDFQGSAIPQAMQKLVVTRLSPNFREAVTLSRDCPVPLPGDGDLLVRNRFVGVNASDINYSAGRYDPSVKPPFDIGFEGIGEVVALGLSASARYTVGQAVAYMAPGSFAEYTVVPASIATPVPSVKPEYLTLLVSGTTAYISLKELGGLSEGKKVLVTAAAGGTGQFAMQLSKKAKCHVIGTCSSDEKSAFLKSLGCDRPINYKTEPVGTVLKQEYPEGVDVVYESVGGAMFDLAVDALATKGRLIVIGFISGYQTPTGLSPVKAGTLPAKLLKKSASVQGFFLNHYLSKYQAAMSHLLEMCVSGDLVCEVDLGDLSPEGRFTGLESIFRAVNYMYMGKNTGKIVVELPHSVNSKL	CC(O)(P(=O)(O)O)P(=O)(O)O
P40394	wild	MFAEIQIQDKDRMGTAGKVIKCKAAVLWEQKQPFSIEEIEVAPPKTKEVRIKILATGICRTDDHVIKGTMVSKFPVIVGHEATGIVESIGEGVTTVKPGDKVIPLFLPQCRECNACRNPDGNLCIRSDITGRGVLADGTTRFTCKGKPVHHFMNTSTFTEYTVVDESSVAKIDDAAPPEKVCLIGCGFSTGYGAAVKTGKVKPGSTCVVFGLGGVGLSVIMGCKSAGASRIIGIDLNKDKFEKAMAVGATECISPKDSTKPISEVLSEMTGNNVGYTFEVIGHLETMIDALASCHMNYGTSVVVGVPPSAKMLTYDPMLLFTGRTWKGCVFGGLKSRDDVPKLVTEFLAKKFDLDQLITHVLPFKKISEGFELLNSGQSIRTVLTF	C1=CC(=C(C=C1Cl)C2=NC(=NC(=N2)N)N)Cl
P40394	wild	MFAEIQIQDKDRMGTAGKVIKCKAAVLWEQKQPFSIEEIEVAPPKTKEVRIKILATGICRTDDHVIKGTMVSKFPVIVGHEATGIVESIGEGVTTVKPGDKVIPLFLPQCRECNACRNPDGNLCIRSDITGRGVLADGTTRFTCKGKPVHHFMNTSTFTEYTVVDESSVAKIDDAAPPEKVCLIGCGFSTGYGAAVKTGKVKPGSTCVVFGLGGVGLSVIMGCKSAGASRIIGIDLNKDKFEKAMAVGATECISPKDSTKPISEVLSEMTGNNVGYTFEVIGHLETMIDALASCHMNYGTSVVVGVPPSAKMLTYDPMLLFTGRTWKGCVFGGLKSRDDVPKLVTEFLAKKFDLDQLITHVLPFKKISEGFELLNSGQSIRTVLTF	CC(O)(P(=O)(O)O)P(=O)(O)O
P00326	wild	MSTAGKVIKCKAAVLWELKKPFSIEEVEVAPPKAHEVRIKMVAAGICRSDEHVVSGNLVTPLPVILGHEAAGIVESVGEGVTTVKPGDKVIPLFTPQCGKCRICKNPESNYCLKNDLGNPRGTLQDGTRRFTCSGKPIHHFVGVSTFSQYTVVDENAVAKIDAASPLEKVCLIGCGFSTGYGSAVKVAKVTPGSTCAVFGLGGVGLSVVMGCKAAGAARIIAVDINKDKFAKAKELGATECINPQDYKKPIQEVLKEMTDGGVDFSFEVIGRLDTMMASLLCCHEACGTSVIVGVPPDSQNLSINPMLLLTGRTWKGAIFGGFKSKESVPKLVADFMAKKFSLDALITNILPFEKINEGFDLLRSGKSIRTVLTF	C1=CC(=C(C=C1Cl)C2=NC(=NC(=N2)N)N)Cl
P00326	wild	MSTAGKVIKCKAAVLWELKKPFSIEEVEVAPPKAHEVRIKMVAAGICRSDEHVVSGNLVTPLPVILGHEAAGIVESVGEGVTTVKPGDKVIPLFTPQCGKCRICKNPESNYCLKNDLGNPRGTLQDGTRRFTCSGKPIHHFVGVSTFSQYTVVDENAVAKIDAASPLEKVCLIGCGFSTGYGSAVKVAKVTPGSTCAVFGLGGVGLSVVMGCKAAGAARIIAVDINKDKFAKAKELGATECINPQDYKKPIQEVLKEMTDGGVDFSFEVIGRLDTMMASLLCCHEACGTSVIVGVPPDSQNLSINPMLLLTGRTWKGAIFGGFKSKESVPKLVADFMAKKFSLDALITNILPFEKINEGFDLLRSGKSIRTVLTF	CC(O)(P(=O)(O)O)P(=O)(O)O
P07327	wild	MSTAGKVIKCKAAVLWELKKPFSIEEVEVAPPKAHEVRIKMVAVGICGTDDHVVSGTMVTPLPVILGHEAAGIVESVGEGVTTVKPGDKVIPLAIPQCGKCRICKNPESNYCLKNDVSNPQGTLQDGTSRFTCRRKPIHHFLGISTFSQYTVVDENAVAKIDAASPLEKVCLIGCGFSTGYGSAVNVAKVTPGSTCAVFGLGGVGLSAIMGCKAAGAARIIAVDINKDKFAKAKELGATECINPQDYKKPIQEVLKEMTDGGVDFSFEVIGRLDTMMASLLCCHEACGTSVIVGVPPDSQNLSMNPMLLLTGRTWKGAILGGFKSKECVPKLVADFMAKKFSLDALITHVLPFEKINEGFDLLHSGKSIRTILMF	C1=CC(=C(C=C1Cl)C2=NC(=NC(=N2)N)N)Cl
P07327	wild	MSTAGKVIKCKAAVLWELKKPFSIEEVEVAPPKAHEVRIKMVAVGICGTDDHVVSGTMVTPLPVILGHEAAGIVESVGEGVTTVKPGDKVIPLAIPQCGKCRICKNPESNYCLKNDVSNPQGTLQDGTSRFTCRRKPIHHFLGISTFSQYTVVDENAVAKIDAASPLEKVCLIGCGFSTGYGSAVNVAKVTPGSTCAVFGLGGVGLSAIMGCKAAGAARIIAVDINKDKFAKAKELGATECINPQDYKKPIQEVLKEMTDGGVDFSFEVIGRLDTMMASLLCCHEACGTSVIVGVPPDSQNLSMNPMLLLTGRTWKGAILGGFKSKECVPKLVADFMAKKFSLDALITHVLPFEKINEGFDLLHSGKSIRTILMF	CC(O)(P(=O)(O)O)P(=O)(O)O
P08319	wild	MGTKGKVIKCKAAIAWEAGKPLCIEEVEVAPPKAHEVRIQIIATSLCHTDATVIDSKFEGLAFPVIVGHEAAGIVESIGPGVTNVKPGDKVIPLYAPLCRKCKFCLSPLTNLCGKISNLKSPASDQQLMEDKTSRFTCKGKPVYHFFGTSTFSQYTVVSDINLAKIDDDANLERVCLLGCGFSTGYGAAINNAKVTPGSTCAVFGLGGVGLSAVMGCKAAGASRIIGIDINSEKFVKAKALGATDCLNPRDLHKPIQEVIIELTKGGVDFALDCAGGSETMKAALDCTTAGWGSCTFIGVAAGSKGLTIFPEELIIGRTINGTFFGGWKSVDSIPKLVTDYKNKKFNLDALVTHTLPFDKISEAFDLMNQGKSVRTILIF	C1=CC(=C(C=C1Cl)C2=NC(=NC(=N2)N)N)Cl
P08319	wild	MGTKGKVIKCKAAIAWEAGKPLCIEEVEVAPPKAHEVRIQIIATSLCHTDATVIDSKFEGLAFPVIVGHEAAGIVESIGPGVTNVKPGDKVIPLYAPLCRKCKFCLSPLTNLCGKISNLKSPASDQQLMEDKTSRFTCKGKPVYHFFGTSTFSQYTVVSDINLAKIDDDANLERVCLLGCGFSTGYGAAINNAKVTPGSTCAVFGLGGVGLSAVMGCKAAGASRIIGIDINSEKFVKAKALGATDCLNPRDLHKPIQEVIIELTKGGVDFALDCAGGSETMKAALDCTTAGWGSCTFIGVAAGSKGLTIFPEELIIGRTINGTFFGGWKSVDSIPKLVTDYKNKKFNLDALVTHTLPFDKISEAFDLMNQGKSVRTILIF	CC(O)(P(=O)(O)O)P(=O)(O)O
