kegg_id	smiles
C03044	C[C@H]([C@@H](C)O)O
C00003	C1=CC(=C[N+](=C1)[C@H]2[C@@H]([C@@H]([C@H](O2)COP(=O)(O)OP(=O)(O)OC[C@@H]3[C@H]([C@H]([C@@H](O3)N4C=NC5=C(N=CN=C54)N)O)O)O)O)C(=O)N
C00810	C[C@H](C(=O)C)O
C00080	[H+]
C04896	C1=NC(=C(N1[C@H]2[C@@H]([C@@H]([C@H](O2)COP(=O)(O)O)O)O)N/C=N/[C@H]3[C@@H]([C@@H]([C@H](O3)COP(=O)(O)O)O)O)C(=O)N
C04322	C1CC(N=C1)C(=O)O
C00001	O
C18910	C([C@@H]([C@@H]([C@@H](COP(=O)(O)O)O)O)O)NC1=C(C(=O)NC(=N1)N)N
C01304	C([C@@H]1[C@H]([C@H]([C@@H](O1)NC2=C(C(=O)NC(=N2)N)N)O)O)OP(=O)(O)O
C00109	CCC(=O)C(=O)O
C00022	CC(=O)C(=O)O
C01300	C1C(=NC2=C(N1)N=C(NC2=O)N)CO
C00002	C1=NC(=C2C(=N1)N(C=N2)[C@H]3[C@@H]([C@@H]([C@H](O3)COP(=O)(O)OP(=O)(O)OP(=O)(O)O)O)O)N
C00322	C(CC(=O)C(=O)O)CC(=O)O
C00025	C(CC(=O)O)[C@@H](C(=O)O)N
C00026	C(CC(=O)O)C(=O)C(=O)O
C00956	C(C[C@@H](C(=O)O)N)CC(=O)O
C00966	CC(C)(CO)C(=O)C(=O)O
C00279	C([C@H]([C@H](C=O)O)O)OP(=O)(O)O
C00074	C=C(C(=O)O)OP(=O)(O)O
C02631	CC(C)/C(=C/C(=O)O)/C(=O)O
C02504	CC(C)[C@@](CC(=O)O)(C(=O)O)O
C00141	CC(C)C(=O)C(=O)O
C01251	C(C[C@@](CC(=O)O)(C(=O)O)O)C(=O)O
C04002	C(CC(=O)O)/C(=C/C(=O)O)/C(=O)O
C00036	C(C(=O)C(=O)O)C(=O)O
C00100	CCC(=O)SCCNC(=O)CCNC(=O)[C@@H](C(C)(C)COP(=O)(O)OP(=O)(O)OC[C@@H]1[C@H]([C@H]([C@@H](O1)N2C=NC3=C(N=CN=C32)N)O)OP(=O)(O)O)O
C00054	C1=NC(=C2C(=N1)N(C=N2)[C@H]3[C@@H]([C@@H]([C@H](O3)COP(=O)(O)O)OP(=O)(O)O)O)N
C00575	C1[C@@H]2[C@H]([C@H]([C@@H](O2)N3C=NC4=C(N=CN=C43)N)O)OP(=O)(O1)O
C00968	C1[C@H]2[C@@H](COP(=O)(O2)O)O[C@H]1N3C=NC4=C(N=CN=C43)N
C00943	C1[C@@H]2[C@H]([C@H]([C@@H](O2)N3C=NC4=C3N=CNC4=O)O)OP(=O)(O1)O
C00942	C1[C@@H]2[C@H]([C@H]([C@@H](O2)N3C=NC4=C3N=C(NC4=O)N)O)OP(=O)(O1)O
C00941	C1[C@@H]2[C@H]([C@H]([C@@H](O2)N3C=CC(=NC3=O)N)O)OP(=O)(O1)O
C00199	C([C@H]([C@H](C(=O)CO)O)O)OP(=O)(O)O
C00944	C1[C@H]([C@@H](C(=O)C[C@]1(C(=O)O)O)O)O
C04691	C([C@H]([C@@H]([C@@H](COP(=O)(O)O)O)O)O)C(=O)C(=O)O
C02934	CCCCCCCCCCCCCCCC(=O)[C@H](CO)N
C03227	C1=CC(=C(C(=C1)O)N)C(=O)C[C@@H](C(=O)O)N
C05260	CCCCCCCCCCC[C@@H](CC(=O)SCCNC(=O)CCNC(=O)[C@@H](C(C)(C)COP(=O)(O)OP(=O)(O)OC[C@@H]1[C@H]([C@H]([C@@H](O1)N2C=NC3=C(N=CN=C32)N)O)OP(=O)(O)O)O)O
C00632	C1=CC(=C(C(=C1)O)N)C(=O)O
C00007	O=O
C04411	CC(C)[C@@H]([C@H](C(=O)O)O)C(=O)O
C00019	C[S+](CC[C@@H](C(=O)[O-])N)C[C@@H]1[C@H]([C@H]([C@@H](O1)N2C=NC3=C(N=CN=C32)N)O)O
C00671	CC[C@H](C)C(=O)C(=O)O
C03175	C1[C@H]([C@@H]([C@@H](C=C1C(=O)O)OP(=O)(O)O)O)O
C00251	C=C(C(=O)O)O[C@@H]1C=C(C=C[C@H]1O)C(=O)O
C00064	C(CC(=O)N)[C@@H](C(=O)O)N
C11355	C=C(C(=O)O)O[C@@H]1C=C(C=C[C@H]1N)C(=O)O
C00334	C(CC(=O)O)CN
C06055	C([C@H]([C@@H](C(=O)O)N)O)OP(=O)(O)O
C11526	[C@H]1([C@H](C([C@H]([C@@H](C1OP(=O)(O)O)OP(=O)(O)O)OP(=O)(O)O)OP(=O)(O)OP(=O)(O)O)OP(=O)(O)O)OP(=O)(O)O
C00170	CSC[C@@H]1[C@H]([C@H]([C@@H](O1)N2C=NC3=C(N=CN=C32)N)O)O
C00009	OP(=O)(O)O
C00130	C1=NC2=C(C(=O)N1)N=CN2[C@H]3[C@@H]([C@@H]([C@H](O3)COP(=O)(O)O)O)O
C04376	C([C@@H]1[C@H]([C@H]([C@@H](O1)NC(=O)CNC=O)O)O)OP(=O)(O)O
C00143	C1[C@@H]2CN(CN2C3=C(N1)N=C(NC3=O)N)C4=CC=C(C=C4)C(=O)NC(CCC(=O)O)C(=O)O
C00037	C(C(=O)O)N
C00091	CC(C)(COP(=O)(O)OP(=O)(O)OC[C@@H]1[C@H]([C@H]([C@@H](O1)N2C=NC3=C(N=CN=C32)N)O)OP(=O)(O)O)[C@H](C(=O)NCCC(=O)NCCSC(=O)CCC(=O)O)O
C01204	C1(C(C(C(C(C1OP(=O)(O)O)OP(=O)(O)O)OP(=O)(O)O)OP(=O)(O)O)OP(=O)(O)O)OP(=O)(O)O
C03479	C1[C@@H](N(C2=C(N1)N=C(NC2=O)N)C=O)CNC3=CC=C(C=C3)C(=O)N[C@@H](CCC(=O)O)C(=O)O
C04489	CN1[C@H](CNC2=C1C(=O)NC(=N2)N)CNC3=CC=C(C=C3)C(=O)N[C@@H](CCC(=O)N[C@@H](CCC(=O)N[C@@H](CCC(=O)O)C(=O)O)C(=O)O)C(=O)O
C00155	C(CS)[C@@H](C(=O)O)N
C00085	C([C@@H]1[C@H]([C@@H](C(O1)(CO)O)O)O)OP(=O)(O)O
C01236	C([C@@H]1[C@H]([C@@H]([C@H](C(=O)O1)O)O)O)OP(=O)(O)O
C00084	CC=O
C00900	CC(=O)C(C)(C(=O)O)O
C16216	CCCCCCCCCCCCCCCC(=O)CC(=O)SCCNC(=O)CCNC(=O)[C@@H](C(C)(C)COP(=O)(O)OP(=O)(O)OC[C@@H]1[C@H]([C@H]([C@@H](O1)N2C=NC3=C(N=CN=C32)N)O)OP(=O)(O)O)O
C00010	CC(C)(COP(=O)(O)OP(=O)(O)OC[C@@H]1[C@H]([C@H]([C@@H](O1)N2C=NC3=C(N=CN=C32)N)O)OP(=O)(O)O)[C@H](C(=O)NCCC(=O)NCCS)O
C05259	CCCCCCCCCCCCCC(=O)CC(=O)SCCNC(=O)CCNC(=O)[C@@H](C(C)(C)COP(=O)(O)OP(=O)(O)OC[C@@H]1[C@H]([C@H]([C@@H](O1)N2C=NC3=C(N=CN=C32)N)O)OP(=O)(O)O)O
C00024	CC(=O)SCCNC(=O)CCNC(=O)[C@@H](C(C)(C)COP(=O)(O)OP(=O)(O)OC[C@@H]1[C@H]([C@H]([C@@H](O1)N2C=NC3=C(N=CN=C32)N)O)OP(=O)(O)O)O
C00332	CC(=O)CC(=O)SCCNC(=O)CCNC(=O)[C@@H](C(C)(C)COP(=O)(O)OP(=O)(O)OC[C@@H]1[C@H]([C@H]([C@@H](O1)N2C=NC3=C(N=CN=C32)N)O)OP(=O)(O)O)O
C05261	CCCCCCCCCCCC(=O)CC(=O)SCCNC(=O)CCNC(=O)[C@@H](C(C)(C)COP(=O)(O)OP(=O)(O)OC[C@@H]1[C@H]([C@H]([C@@H](O1)N2C=NC3=C(N=CN=C32)N)O)OP(=O)(O)O)O
C05265	CCCCCCCC(=O)CC(=O)SCCNC(=O)CCNC(=O)[C@@H](C(C)(C)COP(=O)(O)OP(=O)(O)OC[C@@H]1[C@H]([C@H]([C@@H](O1)N2C=NC3=C(N=CN=C32)N)O)OP(=O)(O)O)O
C05263	CCCCCCCCCC(=O)CC(=O)SCCNC(=O)CCNC(=O)[C@@H](C(C)(C)COP(=O)(O)OP(=O)(O)OC[C@@H]1[C@H]([C@H]([C@@H](O1)N2C=NC3=C(N=CN=C32)N)O)OP(=O)(O)O)O
C00288	C(=O)(O)[O-]
C00033	CC(=O)O
C00624	CC(=O)N[C@@H](CCC(=O)O)C(=O)O
C00061	CC1=CC2=C(C=C1C)N(C3=NC(=O)NC(=O)C3=N2)C[C@@H]([C@@H]([C@@H](COP(=O)(O)O)O)O)O
C02225	C[C@H](C(=O)O)[C@@](CC(=O)O)(C(=O)O)O
C04593	C[C@@]([C@H](CC(=O)O)C(=O)O)(C(=O)O)O
C01250	CC(=O)N[C@@H](CCC=O)C(=O)O
C05274	CCCCCCCCCC(=O)SCCNC(=O)CCNC(=O)[C@@H](C(C)(C)COP(=O)(O)OP(=O)(O)OC[C@@H]1[C@H]([C@H]([C@@H](O1)N2C=NC3=C(N=CN=C32)N)O)OP(=O)(O)O)O
C01832	CCCCCCCCCCCC(=O)SCCNC(=O)CCNC(=O)[C@@H](C(C)(C)COP(=O)(O)OP(=O)(O)OC[C@@H]1[C@H]([C@H]([C@@H](O1)N2C=NC3=C(N=CN=C32)N)O)OP(=O)(O)O)O
C00154	CCCCCCCCCCCCCCCC(=O)SCCNC(=O)CCNC(=O)[C@@H](C(C)(C)COP(=O)(O)OP(=O)(O)OC[C@@H]1[C@H]([C@H]([C@@H](O1)N2C=NC3=C(N=CN=C32)N)O)OP(=O)(O)O)O
C00412	CCCCCCCCCCCCCCCCCC(=O)SCCNC(=O)CCNC(=O)[C@@H](C(C)(C)COP(=O)(O)OP(=O)(O)OC[C@@H]1[C@H]([C@H]([C@@H](O1)N2C=NC3=C(N=CN=C32)N)O)OP(=O)(O)O)O
C02593	CCCCCCCCCCCCCC(=O)SCCNC(=O)CCNC(=O)[C@@H](C(C)(C)COP(=O)(O)OP(=O)(O)OC[C@@H]1[C@H]([C@H]([C@@H](O1)N2C=NC3=C(N=CN=C32)N)O)OP(=O)(O)O)O
C00510	CCCCCCCC/C=C\CCCCCCCC(=O)SCCNC(=O)CCNC(=O)[C@@H](C(C)(C)COP(=O)(O)OP(=O)(O)OC[C@@H]1[C@H]([C@H]([C@@H](O1)N2C=NC3=C(N=CN=C32)N)O)OP(=O)(O)O)O
C15777	C[C@H](CCC(=C)C(C)C)[C@H]1CC[C@@H]2[C@@]1(CC[C@H]3C2=CC[C@@H]4[C@@]3(CC[C@@H](C4)O)C)C
C01694	C[C@H](/C=C/[C@H](C)C(C)C)[C@H]1CC[C@@H]2[C@@]1(CC[C@H]3C2=CC=C4[C@@]3(CC[C@@H](C4)O)C)C
C04525	C[C@H](CCC(=C)C(C)C)[C@H]1CC[C@@H]2[C@@]1(CCC3=C2CC[C@@H]4[C@@]3(CC[C@@H](C4)O)C)C
C01724	C[C@H](CCC=C(C)C)[C@H]1CC[C@@]2([C@@]1(CCC3=C2CC[C@@H]4[C@@]3(CC[C@@H](C4(C)C)O)C)C)C
C05437	C[C@H](CCC=C(C)C)[C@H]1CC[C@@H]2[C@@]1(CCC3=C2CC[C@@H]4[C@@]3(CC[C@@H](C4)O)C)C
C21072	CCCCCC/C=C\CCCCCCCC(=O)SCCNC(=O)CCNC(=O)[C@@H](C(C)(C)COP(=O)(O)OP(=O)(O)OC[C@@H]1[C@H]([C@H]([C@@H](O1)N2C=NC3=C(N=CN=C32)N)O)OP(=O)(O)O)O
C00147	C1=NC2=NC=NC(=C2N1)N
C00119	C([C@@H]1[C@H]([C@H]([C@H](O1)OP(=O)(O)OP(=O)(O)O)O)O)OP(=O)(O)O
C00212	C1=NC(=C2C(=N1)N(C=N2)[C@H]3[C@@H]([C@@H]([C@H](O3)CO)O)O)N
C00020	C1=NC(=C2C(=N1)N(C=N2)[C@H]3[C@@H]([C@@H]([C@H](O3)COP(=O)(O)O)O)O)N
C01092	CC(C(=O)CCCCCC(=O)O)N
C01037	CC(C(CCCCCC(=O)O)N)N
C04425	C[S+](CCC(=O)C(=O)O)C[C@@H]1[C@H]([C@H]([C@@H](O1)N2C=NC3=C(N=CN=C32)N)O)O
C00044	C1=NC2=C(N1[C@H]3[C@@H]([C@@H]([C@H](O3)COP(=O)(O)OP(=O)(O)OP(=O)(O)O)O)O)N=C(NC2=O)N
C00008	C1=NC(=C2C(=N1)N(C=N2)[C@H]3[C@@H]([C@@H]([C@H](O3)COP(=O)(O)OP(=O)(O)O)O)O)N
C00035	C1=NC2=C(N1[C@H]3[C@@H]([C@@H]([C@H](O3)COP(=O)(O)OP(=O)(O)O)O)O)N=C(NC2=O)N
C04823	C1=NC(=C(N1[C@H]2[C@@H]([C@@H]([C@H](O2)COP(=O)(O)O)O)O)N)C(=O)N[C@@H](CC(=O)O)C(=O)O
C03794	C1=NC(=C2C(=N1)N(C=N2)[C@H]3[C@@H]([C@@H]([C@H](O3)COP(=O)(O)O)O)O)N[C@@H](CC(=O)O)C(=O)O
C00122	C(=C/C(=O)O)\C(=O)O
C00049	C([C@@H](C(=O)O)N)C(=O)O
C00224	C1=NC(=C2C(=N1)N(C=N2)[C@H]3[C@@H]([C@@H]([C@H](O3)COP(=O)(O)OS(=O)(=O)O)O)O)N
C02353	C1=NC(=C2C(=N1)N(C=N2)[C@H]3[C@H]4[C@@H]([C@H](O3)CO)OP(=O)(O4)O)N
C00048	C(=O)C(=O)O
C00041	C[C@@H](C(=O)O)N
C00469	CCO
C07328	CC(C)CCO
C14710	CC(C)CO
C05853	C1=CC=C(C=C1)CCO
C00577	C([C@H](C=O)O)O
C02223	CCC(C)C=O
C00601	C1=CC=C(C=C1)CC=O
C00006	C1=CC(=C[N+](=C1)[C@H]2[C@@H]([C@@H]([C@H](O2)COP(=O)(O)OP(=O)(O)OC[C@@H]3[C@H]([C@H]([C@@H](O3)N4C=NC5=C(N=CN=C54)N)OP(=O)(O)O)O)O)O)C(=O)N
C00637	C1=CC=C2C(=C1)C(=CN2)CC=O
C07329	CC(C)CC=O
C04895	C1C(=NC2=C(N1)N=C(NC2=O)N)[C@@H]([C@@H](COP(=O)(O)OP(=O)(O)OP(=O)(O)O)O)O
C00499	C(C(=O)O)(NC(=O)N)NC(=O)N
C00086	C(=O)(N)N
C01551	C1(C(=O)NC(=O)N1)NC(=O)N
C01010	C(=O)(N)NC(=O)O
C01083	C([C@@H]1[C@H]([C@@H]([C@H]([C@H](O1)O[C@@H]2[C@@H]([C@H]([C@@H]([C@H](O2)CO)O)O)O)O)O)O)O
C00208	C([C@@H]1[C@H]([C@@H]([C@H]([C@H](O1)O[C@@H]2[C@H](OC([C@@H]([C@H]2O)O)O)CO)O)O)O)O
C03078	C(CC(=O)N)CN=C(N)N
C00555	C(CC=O)CN
C00108	C1=CC=C(C(=C1)C(=O)O)N
C01260	C1=NC(=C2C(=N1)N(C=N2)[C@H]3[C@@H]([C@@H]([C@H](O3)COP(=O)(O)OP(=O)(O)OP(=O)(O)OP(=O)(O)OC[C@@H]4[C@H]([C@H]([C@@H](O4)N5C=NC6=C(N=CN=C65)N)O)O)O)O)N
C00259	C1[C@@H]([C@@H]([C@H](C(O1)O)O)O)O
C00062	C(C[C@@H](C(=O)O)N)CN=C(N)N
C03406	C(C[C@@H](C(=O)O)N)CN=C(N)N[C@@H](CC(=O)O)C(=O)O
C00327	C(C[C@@H](C(=O)O)N)CNC(=O)N
C00013	OP(=O)(O)OP(=O)(O)O
C00152	C([C@@H](C(=O)O)N)C(=O)N
C00169	C(=O)(N)OP(=O)(O)O
C03082	C([C@@H](C(=O)O)N)C(=O)OP(=O)(O)O
C00096	C1=NC2=C(N1[C@H]3[C@@H]([C@@H]([C@H](O3)COP(=O)(O)OP(=O)(O)O[C@@H]4[C@H]([C@H]([C@@H]([C@H](O4)CO)O)O)O)O)O)N=C(NC2=O)N
C04537	CC(CC/C=C(/C)\CC/C=C(\C)/CC/C=C(\C)/CCC=C(C)C)CCOP(=O)(O)OP(=O)(O)O[C@@H]1[C@@H]([C@H]([C@@H]([C@H](O1)CO)O[C@H]2[C@@H]([C@H]([C@@H]([C@H](O2)CO)O)O)NC(=O)C)O)NC(=O)C
C01909	CC1C(NC(=O)N1)CCCCCC(=O)O
C00087	S
C00120	C1[C@H]2[C@@H]([C@@H](S1)CCCCC(=O)O)NC(=O)N2
C11455	C[C@H](CCC=C(C)C)[C@H]1CC=C2[C@@]1(CCC3=C2CC[C@@H]4[C@@]3(CC[C@@H](C4(C)C)O)C)C
C15780	C[C@H](CCC(=C)C(C)C)[C@H]1CC[C@@H]2[C@@]1(CC[C@H]3C2=CC=C4[C@@]3(CC[C@@H](C4)O)C)C
C15808	C[C@H](CCC=C(C)C)C1CCC2[C@@]1(CCC3=C2CC[C@@H]4[C@@]3(CC[C@@H]([C@@]4(C)C(=O)O)O)C)C
C15816	CC1[C@@H]2CCC3=C([C@]2(CCC1=O)C)CC[C@]4(C3CCC4[C@H](C)CCC=C(C)C)C
C05440	C[C@H](/C=C/C(=C)C(C)C)C1CCC2[C@@]1(CCC3C2=CC=C4[C@@]3(CC[C@@H](C4)O)C)C
C00318	C[N+](C)(C)C[C@@H](CC(=O)[O-])O
C02571	CC(=O)O[C@H](CC(=O)O)C[N+](C)(C)C
C00027	OO
C00043	CC(=O)N[C@@H]1[C@H]([C@@H]([C@H](O[C@@H]1OP(=O)(O)OP(=O)(O)OC[C@@H]2[C@H]([C@H]([C@@H](O2)N3C=CC(=O)NC3=O)O)O)CO)O)O
C00114	C[N+](C)(C)CCO
C00588	C[N+](C)(C)CCOP(=O)(O)O
C00063	C1=CN(C(=O)N=C1N)[C@H]2[C@@H]([C@@H]([C@H](O2)COP(=O)(O)OP(=O)(O)OP(=O)(O)O)O)O
C01269	C=C(C(=O)O)O[C@@H]1CC(=C[C@H]([C@H]1O)OP(=O)(O)O)C(=O)O
C00417	C(/C(=C/C(=O)O)/C(=O)O)C(=O)O
C00311	C(C(C(C(=O)O)O)C(=O)O)C(=O)O
C00448	CC(=CCC/C(=C/CC/C(=C/COP(=O)(O)OP(=O)(O)O)/C)/C)C
C00129	CC(=C)CCOP(=O)(O)OP(=O)(O)O
C00353	CC(=CCC/C(=C/CC/C(=C/CC/C(=C/COP(=O)(O)OP(=O)(O)O)/C)/C)/C)C
C04217	CC(=CCC/C(=C/CC/C(=C/CC/C(=C/CC/C(=C/COP(=O)(O)OP(=O)(O)O)/C)/C)/C)/C)C
C01230	CC(=CCC/C(=C/CC/C(=C/CC/C(=C/CC/C(=C/CC/C(=C/COP(=O)(O)OP(=O)(O)O)/C)/C)/C)/C)/C)C
C04216	CC(=CCC/C(=C/CC/C(=C/CC/C(=C/CC/C(=C/CC/C(=C/CC/C(=C/COP(=O)(O)OP(=O)(O)O)/C)/C)/C)/C)/C)/C)C
C04146	CC(=CCC/C(=C/CC/C(=C/CC/C(=C/CC/C(=C/CC/C(=C/CC/C(=C/CC/C(=C/COP(=O)(O)OP(=O)(O)O)/C)/C)/C)/C)/C)/C)/C)C
C04145	CC(=CCC/C(=C/CC/C(=C/CC/C(=C/CC/C(=C/CC/C(=C/CC/C(=C/CC/C(=C/CC/C(=C/COP(=O)(O)OP(=O)(O)O)/C)/C)/C)/C)/C)/C)/C)/C)C
C17432	CC(=CCC/C(=C/CC/C(=C/CC/C(=C/CC/C(=C/CC/C(=C/CC/C(=C/CC/C(=C/CC/C(=C/CC/C(=C/COP(=O)(O)OP(=O)(O)O)/C)/C)/C)/C)/C)/C)/C)/C)/C)C
C05847	CC(=CCC/C(=C/COP(=O)(O)OP(=O)(O)O)/C)C
C00158	C(C(=O)O)C(CC(=O)O)(C(=O)O)O
C03263	CC1=C2CC3=C(C(=C(N3)CC4=C(C(=C(N4)CC5=C(C(=C(N5)CC(=C1CCC(=O)O)N2)C)CCC(=O)O)C)CCC(=O)O)CCC(=O)O)C
C00075	C1=CN(C(=O)NC1=O)[C@H]2[C@@H]([C@@H]([C@H](O2)COP(=O)(O)OP(=O)(O)OP(=O)(O)O)O)O
C01342	[NH4+]
C00065	C([C@@H](C(=O)O)N)O
C02291	C(CSC[C@@H](C(=O)O)N)[C@@H](C(=O)O)N
C00097	C([C@@H](C(=O)O)N)S
C01077	CC(=O)OCC[C@@H](C(=O)O)N
C00283	S
C00979	CC(=O)OC[C@@H](C(=O)O)N
C00475	C1=CN(C(=O)N=C1N)[C@H]2[C@@H]([C@@H]([C@H](O2)CO)O)O
C00380	C1=C(NC(=O)N=C1)N
C00652	C([C@@H]1[C@H]([C@@H](C(=O)O1)O)O)O
C00216	C1[C@H]([C@H]([C@@H](C(O1)O)O)O)O
C01094	C([C@@H]1[C@H]([C@@H](C(O1)(COP(=O)(O)O)O)O)O)O
C00111	C(C(=O)COP(=O)(O)O)O
C00794	C([C@H]([C@H]([C@@H]([C@H](CO)O)O)O)O)O
C00239	C1[C@@H]([C@H](O[C@H]1N2C=CC(=NC2=O)N)COP(=O)(O)O)O
C00365	C1[C@@H]([C@H](O[C@H]1N2C=CC(=O)NC2=O)COP(=O)(O)O)O
C00458	C1[C@@H]([C@H](O[C@H]1N2C=CC(=NC2=O)N)COP(=O)(O)OP(=O)(O)OP(=O)(O)O)O
C00559	C1[C@@H]([C@H](O[C@H]1N2C=NC3=C(N=CN=C32)N)CO)O
C00881	C1[C@@H]([C@H](O[C@H]1N2C=CC(=NC2=O)N)CO)O
C00362	C1[C@@H]([C@H](O[C@H]1N2C=NC3=C2N=C(NC3=O)N)COP(=O)(O)O)O
C00361	C1[C@@H]([C@H](O[C@H]1N2C=NC3=C2N=C(NC3=O)N)COP(=O)(O)OP(=O)(O)O)O
C00315	C(CCNCCCN)CN
C17568	CC1=C(C(=O)C(=C(C1=O)OC)OC)C/C=C(\C)/CC/C=C(\C)/CC/C=C(\C)/CC/C=C(\C)/CC/C=C(\C)/CCC=C(C)C
C01801	C1[C@@H]([C@H](OC1O)CO)O
C00882	CC(C)(COP(=O)(O)OP(=O)(O)OC[C@@H]1[C@H]([C@H]([C@@H](O1)N2C=NC3=C(N=CN=C32)N)O)O)[C@H](C(=O)NCCC(=O)NCCS)O
C00011	C(=O)=O
C00415	C1C(=NC2=C(N1)N=C(NC2=O)N)CNC3=CC=C(C=C3)C(=O)N[C@@H](CCC(=O)O)C(=O)O
C00921	C1C(=NC2=C(N1)N=C(NC2=O)N)CNC3=CC=C(C=C3)C(=O)O
C04874	C1C(=NC2=C(N1)N=C(NC2=O)N)[C@@H]([C@@H](CO)O)O
C00337	C1[C@H](NC(=O)NC1=O)C(=O)O
C00438	C([C@@H](C(=O)O)NC(=O)N)C(=O)O
C00568	C1=CC(=CC=C1C(=O)O)N
C04807	C1C(=NC2=C(N1)N=C(NC2=O)N)COP(=O)(O)OP(=O)(O)O
C04272	CC(C)([C@H](C(=O)O)O)O
C06007	CC[C@](C)([C@H](C(=O)O)O)O
C00184	C(C(=O)CO)O
C00235	CC(=CCOP(=O)(O)OP(=O)(O)O)C
C00236	C([C@H](C(=O)OP(=O)(O)O)O)OP(=O)(O)O
C01159	C([C@H](C(=O)O)OP(=O)(O)O)OP(=O)(O)O
C01284	[C@H]1([C@H](C([C@H]([C@@H](C1O)OP(=O)(O)O)OP(=O)(O)O)OP(=O)(O)O)OP(=O)(O)O)OP(=O)(O)O
C00381	CC(CC/C=C(/C)\CC/C=C(\C)/CC/C=C(\C)/CCC=C(C)C)CCO
C00110	CC(CC/C=C(/C)\CC/C=C(\C)/CC/C=C(\C)/CCC=C(C)C)CCOP(=O)(O)O
C03862	CC(CC/C=C(/C)\CC/C=C(\C)/CC/C=C(\C)/CCC=C(C)C)CCOP(=O)(O)O[C@H]1[C@H]([C@H]([C@@H]([C@H](O1)CO)O)O)O
C00364	CC1=CN(C(=O)NC1=O)[C@H]2C[C@@H]([C@H](O2)COP(=O)(O)O)O
C00460	C1[C@@H]([C@H](O[C@H]1N2C=CC(=O)NC2=O)COP(=O)(O)OP(=O)(O)OP(=O)(O)O)O
C00631	C([C@H](C(=O)O)OP(=O)(O)O)O
C00189	C(CO)N
C01571	CCCCCCCCCC(=O)O
C02679	CCCCCCCCCCCC(=O)O
C00249	CCCCCCCCCCCCCCCC(=O)O
C06423	CCCCCCCC(=O)O
C01944	CCCCCCCC(=O)SCCNC(=O)CCNC(=O)[C@@H](C(C)(C)COP(=O)(O)OP(=O)(O)OC[C@@H]1[C@H]([C@H]([C@@H](O1)N2C=NC3=C(N=CN=C32)N)O)OP(=O)(O)O)O
C06424	CCCCCCCCCCCCCC(=O)O
C00067	C=O
C00051	C(CC(=O)N[C@@H](CS)C(=O)NCC(=O)O)[C@@H](C(=O)O)N
C00058	C(=O)O
C00101	C1[C@@H](NC2=C(N1)N=C(NC2=O)N)CNC3=CC=C(C=C3)C(=O)N[C@@H](CCC(=O)O)C(=O)O
C00234	C1[C@@H](NC2=C(N1)N=C(NC2=O)N)CN(C=O)C3=CC=C(C=C3)C(=O)N[C@@H](CCC(=O)O)C(=O)O
C00665	C([C@@H]1[C@H]([C@@H]([C@](O1)(CO)OP(=O)(O)O)O)O)OP(=O)(O)O
C00354	C([C@@H]1[C@H]([C@@H](C(O1)(COP(=O)(O)O)O)O)O)OP(=O)(O)O
C00661	C(C(C=O)O)OP(=O)(O)O
C00149	C([C@@H](C(=O)O)O)C(=O)O
C00042	C(CC(=O)O)C(=O)O
C00124	C([C@@H]1[C@@H]([C@@H]([C@H](C(O1)O)O)O)O)O
C00446	C([C@@H]1[C@@H]([C@@H]([C@H]([C@H](O1)OP(=O)(O)O)O)O)O)O
C00341	CC(=CCC/C(=C/COP(=O)(O)OP(=O)(O)O)/C)C
C00182	C([C@@H]1[C@H]([C@@H]([C@H]([C@H](O1)OC[C@@H]2[C@H]([C@@H]([C@H]([C@H](O2)O[C@@H]3[C@H](O[C@@H]([C@@H]([C@H]3O)O)O)CO)O)O)O[C@@H]4[C@@H]([C@H]([C@@H]([C@H](O4)CO)O)O)O)O)O)O)O
C00092	C([C@@H]1[C@H]([C@@H]([C@H](C(O1)O)O)O)O)OP(=O)(O)O
C03287	C(CC(=O)OP(=O)(O)O)[C@@H](C(=O)O)N
C00669	C(CC(=O)N[C@@H](CS)C(=O)O)[C@@H](C(=O)O)N
C00116	C(C(CO)O)O
C00093	C([C@H](COP(=O)(O)O)O)O
C00670	C[N+](C)(C)CCOP(=O)(O)OC[C@@H](CO)O
C03838	C([C@@H]1[C@H]([C@H]([C@@H](O1)NC(=O)CN)O)O)OP(=O)(O)O
C00655	C1=NC2=C(N1[C@H]3[C@@H]([C@@H]([C@H](O3)COP(=O)(O)O)O)O)NC(=O)NC2=O
C04248	C([C@@H]1[C@H]([C@@H]([C@H]([C@H](O1)O[C@@H]2[C@H]([C@@H]([C@H]([C@H]([C@H]2OP(=O)(O)OCC(COC=O)OC=O)O)O)O)O)N)O)O)O
C00242	C1=NC2=C(N1)C(=O)NC(=N2)N
C00144	C1=NC2=C(N1[C@H]3[C@@H]([C@@H]([C@H](O3)COP(=O)(O)O)O)O)N=C(NC2=O)N
C00131	C1[C@@H]([C@H](O[C@H]1N2C=NC3=C(N=CN=C32)N)COP(=O)(O)OP(=O)(O)OP(=O)(O)O)O
C00206	C1[C@@H]([C@H](O[C@H]1N2C=NC3=C(N=CN=C32)N)COP(=O)(O)OP(=O)(O)O)O
C15672	CC1=C(C2=CC3=NC(=CC4=C(C(=C([N-]4)C=C5C(=C(C(=N5)C=C1[N-]2)C=C)C)C(CC/C=C(\C)/CC/C=C(\C)/CCC=C(C)C)O)C)C(=C3CCC(=O)O)C)CCC(=O)O.[Fe+2]
C00004	C1C=CN(C=C1C(=O)N)[C@H]2[C@@H]([C@@H]([C@H](O2)COP(=O)(O)OP(=O)(O)OC[C@@H]3[C@H]([C@H]([C@@H](O3)N4C=NC5=C(N=CN=C54)N)O)O)O)O
C00095	C([C@@H]1[C@H]([C@@H](C(O1)(CO)O)O)O)O
C00031	C([C@@H]1[C@H]([C@@H]([C@H](C(O1)O)O)O)O)O
C00159	C([C@@H]1[C@H]([C@@H]([C@@H](C(O1)O)O)O)O)O
C00860	C1=C(NC=N1)C[C@@H](CO)N
C01100	C1=C(NC=N1)C[C@@H](COP(=O)(O)O)N
C01267	C1=C(NC=N1)CC(=O)COP(=O)(O)O
C00135	C1=C(NC=N1)C[C@@H](C(=O)O)N
C05662	C(CC(=O)O)[C@@H]([C@H](C(=O)O)O)C(=O)O
C00441	C(C=O)[C@@H](C(=O)O)N
C00263	C(CO)[C@@H](C(=O)O)N
C03451	C[C@H](C(=O)SC[C@@H](C(=O)NCC(=O)O)NC(=O)CC[C@@H](C(=O)O)N)O
C00156	C1=CC(=CC=C1C(=O)O)O
C04294	CC1=C(SC=N1)CCO
C00931	C1=C(C(=C(N1)CN)CC(=O)O)CCC(=O)O
C00356	C[C@](CC(=O)O)(CC(=O)SCCNC(=O)CCNC(=O)[C@@H](C(C)(C)COP(=O)(O)OP(=O)(O)OC[C@@H]1[C@H]([C@H]([C@@H](O1)N2C=NC3=C(N=CN=C32)N)O)OP(=O)(O)O)O)O
C01279	CC1=NC=C(C(=N1)N)CO
C00262	C1=NC2=C(N1)C(=O)NC=N2
C04666	C1=C(NC=N1)[C@@H]([C@@H](COP(=O)(O)O)O)O
C01302	C1=CC=C(C(=C1)C(=O)O)NCC(=O)[C@@H]([C@@H](COP(=O)(O)O)O)O
C00331	C1=CC=C2C(=C1)C(=CN2)CC(=O)C(=O)O
C04734	C1=NC(=C(N1[C@H]2[C@@H]([C@@H]([C@H](O2)COP(=O)(O)O)O)O)NC=O)C(=O)N
C01272	[C@H]1([C@H](C([C@H]([C@H](C1OP(=O)(O)O)O)OP(=O)(O)O)OP(=O)(O)O)OP(=O)(O)O)O
C11555	[C@H]1([C@@H]([C@H]([C@@H]([C@H]([C@@H]1OP(=O)(O)O)OP(=O)(O)O)OP(=O)(O)O)OP(=O)(O)O)O)O
C01245	[C@H]1([C@@H]([C@H]([C@@H]([C@H]([C@@H]1OP(=O)(O)O)O)OP(=O)(O)O)OP(=O)(O)O)O)O
C00407	CC[C@H](C)[C@@H](C(=O)O)N
C06006	CC[C@](C(=O)C)(C(=O)O)O
C00328	C1=CC=C(C(=C1)C(=O)C[C@@H](C(=O)O)N)N
C04281	C1[C@H](C=N[C@@H]1C(=O)O)O
C05947	C([C@@H](C(=O)O)N)[C@H](C(=O)O)O
C05938	C([C@H](C=O)O)[C@@H](C(=O)O)N
C05519	C[C@@H]([C@@H](C(=O)O)N)O
C03508	CC(=O)[C@@H](C(=O)O)N
C00005	C1C=CN(C=C1C(=O)N)[C@H]2[C@@H]([C@@H]([C@H](O2)COP(=O)(O)OP(=O)(O)OC[C@@H]3[C@H]([C@H]([C@@H](O3)N4C=NC5=C(N=CN=C54)N)OP(=O)(O)O)O)O)O
C00546	CC(=O)C=O
C01722	C([C@H]([C@@H]([C@H]([C@H](CO)O)O)O)O)O
C00188	C[C@H]([C@@H](C(=O)O)N)O
C00078	C1=CC=C2C(=C1)C(=CN2)C[C@@H](C(=O)O)N
C01054	CC(=CCC/C(=C/CC/C(=C/CC/C=C(\C)/CC/C=C(\C)/CC[C@H]1C(O1)(C)C)/C)/C)C
C00123	CC(C)C[C@@H](C(=O)O)N
C00233	CC(C)CC(=O)C(=O)O
C00909	CCCCC/C=C\C/C=C\C=C\C=C\[C@H]1[C@@H](O1)CCCC(=O)O
C02165	CCCCC/C=C\C[C@H](/C=C/C=C/C=C\[C@H](CCCC(=O)O)O)O
C00047	C(CCN)C[C@@H](C(=O)O)N
C00636	C([C@@H]1[C@H]([C@@H]([C@@H]([C@H](O1)OP(=O)(O)O)O)O)O)O
C00275	C([C@@H]1[C@H]([C@@H]([C@@H](C(O1)O)O)O)O)OP(=O)(O)O
C00445	C1C2CN(C=[N+]2C3=C(N1)N=C(NC3=O)N)C4=CC=C(C=C4)C(=O)N[C@@H](CCC(=O)O)C(=O)O
C00073	CSCC[C@@H](C(=O)O)N
C00440	CN1[C@H](CNC2=C1C(=O)NC(=N2)N)CNC3=CC=C(C=C3)C(=O)N[C@@H](CCC(=O)O)C(=O)O
C00418	C[C@@](CCO)(CC(=O)O)O
C01143	C[C@@](CCOP(=O)(O)OP(=O)(O)O)(CC(=O)O)O
C01177	[C@H]1([C@H](C([C@@H]([C@@H](C1O)O)O)OP(=O)(O)O)O)O
C04133	CC(=O)N[C@@H](CCC(=O)OP(=O)(O)O)C(=O)O
C00352	C([C@@H]1[C@H]([C@@H]([C@H](C(O1)O)N)O)O)OP(=O)(O)O
C02700	C1=CC=C(C(=C1)C(=O)C[C@@H](C(=O)O)N)NC=O
C00857	C1=CC(=C[N+](=C1)[C@H]2[C@@H]([C@@H]([C@H](O2)COP(=O)(O)OP(=O)(O)OC[C@@H]3[C@H]([C@H]([C@@H](O3)N4C=NC5=C(N=CN=C54)N)O)O)O)O)C(=O)O
C00253	C1=CC(=CN=C1)C(=O)O
C00153	C1=CC(=CN=C1)C(=O)N
C00455	C1=CC(=C[N+](=C1)[C@H]2[C@@H]([C@@H]([C@H](O2)COP(=O)(O)[O-])O)O)C(=O)N
C01185	C1=CC(=C[N+](=C1)[C@H]2[C@@H]([C@@H]([C@H](O2)COP(=O)(O)O)O)O)C(=O)O
C03722	C1=CC(=C(N=C1)C(=O)O)C(=O)O
C00015	C1=CN(C(=O)NC1=O)[C@H]2[C@@H]([C@@H]([C@H](O2)COP(=O)(O)OP(=O)(O)O)O)O
C00112	C1=CN(C(=O)N=C1N)[C@H]2[C@@H]([C@@H]([C@H](O2)COP(=O)(O)OP(=O)(O)O)O)O
C00104	C1=NC2=C(C(=O)N1)N=CN2[C@H]3[C@@H]([C@@H]([C@H](O3)COP(=O)(O)OP(=O)(O)O)O)O
C00705	C1[C@@H]([C@H](O[C@H]1N2C=CC(=NC2=O)N)COP(=O)(O)OP(=O)(O)O)O
C00363	CC1=CN(C(=O)NC1=O)[C@H]2C[C@@H]([C@H](O2)COP(=O)(O)OP(=O)(O)O)O
C01344	C1[C@@H]([C@H](O[C@H]1N2C=NC3=C2N=CNC3=O)COP(=O)(O)OP(=O)(O)O)O
C01345	C1[C@@H]([C@H](O[C@H]1N2C=NC3=C2N=CNC3=O)COP(=O)(O)OP(=O)(O)OP(=O)(O)O)O
C01346	C1[C@@H]([C@H](O[C@H]1N2C=CC(=O)NC2=O)COP(=O)(O)OP(=O)(O)O)O
C00081	C1=NC2=C(C(=O)N1)N=CN2[C@H]3[C@@H]([C@@H]([C@H](O3)COP(=O)(O)OP(=O)(O)OP(=O)(O)O)O)O
C00409	CS
C01118	C(COC(=O)CCC(=O)O)[C@@H](C(=O)O)N
C01602	C(CC(C(=O)O)N)CN
C00437	CC(=O)N[C@@H](CCCN)C(=O)O
C01103	C1=C(N(C(=O)NC1=O)[C@H]2[C@@H]([C@@H]([C@H](O2)COP(=O)(O)O)O)O)C(=O)O
C00295	C1=C(NC(=O)NC1=O)C(=O)O
C01134	CC(C)(COP(=O)(O)O)[C@H](C(=O)NCCC(=O)NCCS)O
C00864	CC(C)(CO)[C@H](C(=O)NCCC(=O)O)O
C00522	CC(C)(CO)[C@H](C(=O)O)O
C00099	C(CN)C(=O)O
C00079	C1=CC=C(C=C1)C[C@@H](C(=O)O)N
C00166	C1=CC=C(C=C1)CC(=O)C(=O)O
C04640	C([C@@H]1[C@H]([C@H]([C@@H](O1)/N=C(/CNC=O)\N)O)O)OP(=O)(O)O
C00357	CC(=O)N[C@@H]1[C@H]([C@@H]([C@H](OC1O)COP(=O)(O)O)O)O
C04501	CC(=O)N[C@@H]1[C@H]([C@@H]([C@H](O[C@@H]1OP(=O)(O)O)CO)O)O
C00346	C(COP(=O)(O)O)N
C00103	C([C@@H]1[C@H]([C@@H]([C@H]([C@H](O1)OP(=O)(O)O)O)O)O)O
C00345	C([C@H]([C@H]([C@@H]([C@H](C(=O)O)O)O)O)O)OP(=O)(O)O
C06156	C([C@@H]1[C@H]([C@@H]([C@H]([C@H](O1)OP(=O)(O)O)N)O)O)O
C00197	C([C@H](C(=O)O)O)OP(=O)(O)O
C04556	CC1=NC=C(C(=N1)N)COP(=O)(O)O
C01107	C[C@@](CCOP(=O)(O)O)(CC(=O)O)O
C03492	CC(C)(COP(=O)(O)O)[C@H](C(=O)NCCC(=O)O)O
C00620	C([C@@H]1[C@H]([C@H]([C@H](O1)OP(=O)(O)O)O)O)O
C03736	C([C@@H]1[C@H]([C@H]([C@H](O1)O)O)O)OP(=O)(O)O
C04751	C1=NC(=C(N1[C@H]2[C@@H]([C@@H]([C@H](O2)COP(=O)(O)O)O)O)N)C(=O)O
C02741	C1=NC2=C(N1[C@H]3[C@@H]([C@@H]([C@H](O3)COP(=O)(O)O)O)O)N=CN(C2=N)[C@H]4[C@@H]([C@@H]([C@H](O4)COP(=O)(O)O)O)O
C02739	C1=NC2=C(N1[C@H]3[C@@H]([C@@H]([C@H](O3)COP(=O)(O)OP(=O)(O)OP(=O)(O)O)O)O)N=CN(C2=N)[C@H]4[C@@H]([C@@H]([C@H](O4)COP(=O)(O)O)O)O
C03373	C1=C(N(C=N1)[C@H]2[C@@H]([C@@H]([C@H](O2)COP(=O)(O)O)O)O)N
C04677	C1=NC(=C(N1[C@H]2[C@@H]([C@@H]([C@H](O2)COP(=O)(O)O)O)O)N)C(=O)N
C04302	C1=CC=C(C(=C1)C(=O)O)N[C@H]2[C@@H]([C@@H]([C@H](O2)COP(=O)(O)O)O)O
C03090	C([C@@H]1[C@H]([C@H]([C@@H](O1)N)O)O)OP(=O)(O)O
C01005	C([C@@H](C(=O)O)N)OP(=O)(O)O
C03232	C(C(=O)C(=O)O)OP(=O)(O)O
C00612	CC(=O)NCCCNCCCCN
C00430	C(CC(=O)O)C(=O)CN
C02567	CC(=O)NCCCNCCCCNCCCN
C00750	C(CCNCCCN)CNCCCN
C00254	C1=CC(C=CC1O)(CC(=O)C(=O)O)C(=O)O
C00148	C1C[C@H](NC1)C(=O)O
C01079	CC1=C2CC3=C(C(=C(N3)CC4=C(C(=C(N4)CC5=C(C(=C(N5)CC(=C1CCC(=O)O)N2)CCC(=O)O)C)C=C)C)C=C)C
C03150	C1=CC(=C[N+](=C1)[C@H]2[C@@H]([C@@H]([C@H](O2)CO)O)O)C(=O)N
C00387	C1=NC2=C(N1[C@H]3[C@@H]([C@@H]([C@H](O3)CO)O)O)N=C(NC2=O)N
C00294	C1=NC2=C(C(=O)N1)N=CN2[C@H]3[C@@H]([C@@H]([C@H](O3)CO)O)O
C00250	CC1=NC=C(C(=C1O)C=O)CO
C00647	CC1=NC=C(C(=C1O)CN)COP(=O)(O)O
C00627	CC1=NC=C(C(=C1O)CO)COP(=O)(O)O
C00314	CC1=NC=C(C(=C1O)CO)CO
C00255	CC1=CC2=C(C=C1C)N(C3=NC(=O)NC(=O)C3=N2)C[C@@H]([C@@H]([C@@H](CO)O)O)O
C15556	CC(=O)C(COP(=O)(O)O)O
C04732	C([C@@H]([C@@H]([C@@H](CO)O)O)O)NC1=C(C(=O)NC(=O)N1)N
C04332	CC1=C(N(C2=NC(=O)NC(=O)C2=N1)C[C@@H]([C@@H]([C@@H](CO)O)O)O)C
C00121	C([C@@H]1[C@H]([C@H](C(O1)O)O)O)O
C00231	C([C@H]([C@@H](C(=O)CO)O)O)OP(=O)(O)O
C01031	C(CC(=O)N[C@@H](CSC=O)C(=O)NCC(=O)O)[C@@H](C(=O)O)N
C00449	C(CCN[C@@H](CCC(=O)O)C(=O)O)C[C@@H](C(=O)O)N
C04076	C(CC=O)C[C@@H](C(=O)O)N
C00447	C([C@H]([C@H]([C@H]([C@@H](C(=O)COP(=O)(O)O)O)O)O)O)OP(=O)(O)O
C02637	C1[C@H]([C@@H](C(=O)C=C1C(=O)O)O)O
C00493	C1[C@H]([C@@H]([C@@H](C=C1C(=O)O)O)O)O
C02463	C[C@@]\1([C@@H](/C/2=C/C3=N/C(=C\C4=C(C(=C(N4)CC5=C(C(=C(N5)/C=C1\N2)CC(=O)O)CCC(=O)O)CCC(=O)O)CC(=O)O)/[C@H]([C@]3(C)CC(=O)O)CCC(=O)O)CCC(=O)O)CC(=O)O
C14818	[Fe+2]
C05778	C[C@@]1([C@@H](C2=NC1=CC3=NC(=CC4=C(C(=C(N4)C=C5C(=C(C(=C2)N5)CC(=O)O)CCC(=O)O)CCC(=O)O)CC(=O)O)[C@@]([C@@H]3CCC(=O)O)(C)CC(=O)O)CCC(=O)O)CC(=O)O
C00134	C(CCN)CN
C01137	C[S+](CCCN)C[C@@H]1[C@H]([C@H]([C@@H](O1)N2C=NC3=C(N=CN=C32)N)O)O
C01120	CCCCCCCCCCCCCCC[C@H]([C@H](COP(=O)(O)O)N)O
C12144	CCCCCCCCCCCCCC[C@H]([C@H]([C@H](CO)N)O)O
C00836	CCCCCCCCCCCCCCC[C@H]([C@H](CO)N)O
C00751	CC(=CCC/C(=C/CC/C(=C/CC/C=C(/CC/C=C(/CCC=C(C)C)\C)\C)/C)/C)C
C00232	C(CC(=O)O)C=O
C00089	C([C@@H]1[C@H]([C@@H]([C@H]([C@H](O1)O[C@]2([C@H]([C@@H]([C@H](O2)CO)O)O)CO)O)O)O)O
C00059	OS(=O)(=O)O
C09332	C1[C@@H](NC2=C(N1)N=C(NC2=O)N)CNC3=CC=C(C=C3)C(=O)N[C@@H](CCC(=O)N[C@@H](CCC(=O)O)C(=O)O)C(=O)O
C00068	CC1=C(SC=[N+]1CC2=CN=C(N=C2N)C)CCOP(=O)(O)OP(=O)(O)O
C01081	CC1=C(SC=[N+]1CC2=CN=C(N=C2N)C)CCOP(=O)(O)O
C00378	CC1=C(SC=[N+]1CC2=CN=C(N=C2N)C)CCO
C04752	CC1=NC=C(C(=N1)N)COP(=O)(O)OP(=O)(O)O
C04327	CC1=C(SC=N1)CCOP(=O)(O)O
C01102	C(COP(=O)(O)O)[C@@H](C(=O)O)N
C02341	C(/C(=C\C(=O)O)/C(=O)O)C(=O)O
C05382	C([C@H]([C@H]([C@H]([C@@H](C(=O)CO)O)O)O)O)OP(=O)(O)O
C03506	C1=CC=C2C(=C1)C(=CN2)[C@@H]([C@@H](COP(=O)(O)O)O)O
C01179	C1=CC(=CC=C1CC(=O)C(=O)O)O
C00082	C1=CC(=CC=C1C[C@@H](C(=O)O)N)O
C00029	C1=CN(C(=O)NC1=O)[C@H]2[C@@H]([C@@H]([C@H](O2)COP(=O)(O)OP(=O)(O)O[C@@H]3[C@@H]([C@H]([C@@H]([C@H](O3)CO)O)O)O)O)O
C00052	C1=CN(C(=O)NC1=O)C2[C@@H]([C@@H]([C@H](O2)COP(=O)(O)OP(=O)(O)O[C@@H]3[C@@H]([C@H]([C@H]([C@H](O3)CO)O)O)O)O)O
C00105	C1=CN(C(=O)NC1=O)[C@H]2[C@@H]([C@@H]([C@H](O2)COP(=O)(O)O)O)O
C00106	C1=CNC(=O)NC1=O
C00299	C1=CN(C(=O)NC1=O)[C@H]2[C@@H]([C@@H]([C@H](O2)CO)O)O
C01051	C1C2=C(C(=C(N2)CC3=C(C(=C(N3)CC4=C(C(=C(N4)CC5=C(C(=C1N5)CCC(=O)O)CC(=O)O)CC(=O)O)CCC(=O)O)CC(=O)O)CCC(=O)O)CC(=O)O)CCC(=O)O
C01024	C1=C(C(=C(N1)CC2=C(C(=C(N2)CC3=C(C(=C(N3)CC4=C(C(=C(N4)CO)CC(=O)O)CCC(=O)O)CC(=O)O)CCC(=O)O)CC(=O)O)CCC(=O)O)CC(=O)O)CCC(=O)O
C00183	CC(C)[C@@H](C(=O)O)N
C00379	C([C@H](C([C@H](CO)O)O)O)O
C00181	C1[C@H]([C@@H]([C@H](C(O1)O)O)O)O
C00310	C1[C@H]([C@@H](C(O1)(CO)O)O)O
C01168	C1=C(C(=O)NC(=O)N1)[C@H]2[C@@H]([C@@H]([C@H](O2)COP(=O)(O)O)O)O
C01717	C1=CC=C2C(=C1)C(=O)C=C(N2)C(=O)O
C00083	CC(C)(COP(=O)(O)OP(=O)(O)OC[C@@H]1[C@H]([C@H]([C@@H](O1)N2C=NC3=C(N=CN=C32)N)O)OP(=O)(O)O)[C@H](C(=O)NCCC(=O)NCCSC(=O)CC(=O)O)O
C02041	CCCCCCCCCCCCCCCCCCCC(=O)SCCNC(=O)CCNC(=O)[C@@H](C(C)(C)COP(=O)(O)OP(=O)(O)OC[C@@H]1[C@H]([C@H]([C@@H](O1)N2C=NC3=C(N=CN=C32)N)O)OP(=O)(O)O)O
C16528	CCCCCCCCCCCCCCCCCCCCCC(=O)SCCNC(=O)CCNC(=O)[C@@H](C(C)(C)COP(=O)(O)OP(=O)(O)OC[C@@H]1[C@H]([C@H]([C@@H](O1)N2C=NC3=C(N=CN=C32)N)O)OP(=O)(O)O)O
C16529	CCCCCCCCCCCCCCCCCCCCCCCC(=O)SCCNC(=O)CCNC(=O)[C@@H](C(C)(C)COP(=O)(O)OP(=O)(O)OC[C@@H]1[C@H]([C@H]([C@@H](O1)N2C=NC3=C(N=CN=C32)N)O)OP(=O)(O)O)O
C05273	CCCCCCCCCCC/C=C/C(=O)SCCNC(=O)CCNC(=O)[C@@H](C(C)(C)COP(=O)(O)OP(=O)(O)OC[C@@H]1[C@H]([C@H]([C@@H](O1)N2C=NC3=C(N=CN=C32)N)O)OP(=O)(O)O)O
C05258	CCCCCCCCCCCCC[C@@H](CC(=O)SCCNC(=O)CCNC(=O)[C@@H](C(C)(C)COP(=O)(O)OP(=O)(O)OC[C@@H]1[C@H]([C@H]([C@@H](O1)N2C=NC3=C(N=CN=C32)N)O)OP(=O)(O)O)O)O
C05272	CCCCCCCCCCCCC/C=C/C(=O)SCCNC(=O)CCNC(=O)[C@@H](C(C)(C)COP(=O)(O)OP(=O)(O)OC[C@@H]1[C@H]([C@H]([C@@H](O1)N2C=NC3=C(N=CN=C32)N)O)OP(=O)(O)O)O
C16217	CCCCCCCCCCCCCCCC(CC(=O)SCCNC(=O)CCNC(=O)[C@@H](C(C)(C)COP(=O)(O)OP(=O)(O)OC[C@@H]1[C@H]([C@H]([C@@H](O1)N2C=NC3=C(N=CN=C32)N)O)OP(=O)(O)O)O)O
C16218	CCCCCCCCCCCCCCC/C=C/C(=O)SCCNC(=O)CCNC(=O)[C@@H](C(C)(C)COP(=O)(O)OP(=O)(O)OC[C@@H]1[C@H]([C@H]([C@@H](O1)N2C=NC3=C(N=CN=C32)N)O)OP(=O)(O)O)O
C08362	CCCCCC/C=C\CCCCCCCC(=O)O
C01530	CCCCCCCCCCCCCCCCCC(=O)O
C00712	CCCCCCCC/C=C\CCCCCCCC(=O)O
C06425	CCCCCCCCCCCCCCCCCCCC(=O)O
C08281	CCCCCCCCCCCCCCCCCCCCCC(=O)O
C08320	CCCCCCCCCCCCCCCCCCCCCCCC(=O)O
C00136	CCCC(=O)SCCNC(=O)CCNC(=O)[C@@H](C(C)(C)COP(=O)(O)OP(=O)(O)OC[C@@H]1[C@H]([C@H]([C@@H](O1)N2C=NC3=C(N=CN=C32)N)O)OP(=O)(O)O)O
C05270	CCCCCC(=O)SCCNC(=O)CCNC(=O)[C@@H](C(C)(C)COP(=O)(O)OP(=O)(O)OC[C@@H]1[C@H]([C@H]([C@@H](O1)N2C=NC3=C(N=CN=C32)N)O)OP(=O)(O)O)O
C05275	CCCCCCC/C=C/C(=O)SCCNC(=O)CCNC(=O)[C@@H](C(C)(C)COP(=O)(O)OP(=O)(O)OC[C@@H]1[C@H]([C@H]([C@@H](O1)N2C=NC3=C(N=CN=C32)N)O)OP(=O)(O)O)O
C03221	CCCCCCCCC/C=C/C(=O)SCCNC(=O)CCNC(=O)[C@@H](C(C)(C)COP(=O)(O)OP(=O)(O)OC[C@@H]1[C@H]([C@H]([C@@H](O1)N2C=NC3=C(N=CN=C32)N)O)OP(=O)(O)O)O
C00877	C/C=C/C(=O)SCCNC(=O)CCNC(=O)[C@@H](C(C)(C)COP(=O)(O)OP(=O)(O)OC[C@@H]1[C@H]([C@H]([C@@H](O1)N2C=NC3=C(N=CN=C32)N)O)OP(=O)(O)O)O
C05271	CCC/C=C/C(=O)SCCNC(=O)CCNC(=O)[C@@H](C(C)(C)COP(=O)(O)OP(=O)(O)OC[C@@H]1[C@H]([C@H]([C@@H](O1)N2C=NC3=C(N=CN=C32)N)O)OP(=O)(O)O)O
C05276	CCCCC/C=C/C(=O)SCCNC(=O)CCNC(=O)[C@@H](C(C)(C)COP(=O)(O)OP(=O)(O)OC[C@@H]1[C@H]([C@H]([C@@H](O1)N2C=NC3=C(N=CN=C32)N)O)OP(=O)(O)O)O
C02050	CCCCC/C=C\C/C=C\CCCCCCCC(=O)SCCNC(=O)CCNC(=O)[C@@H](C(C)(C)COP(=O)(O)OP(=O)(O)OC[C@@H]1[C@H]([C@H]([C@@H](O1)N2C=NC3=C(N=CN=C32)N)O)OP(=O)(O)O)O
C05264	CCCCCCC[C@@H](CC(=O)SCCNC(=O)CCNC(=O)[C@@H](C(C)(C)COP(=O)(O)OP(=O)(O)OC[C@@H]1[C@H]([C@H]([C@@H](O1)N2C=NC3=C(N=CN=C32)N)O)OP(=O)(O)O)O)O
C05262	CCCCCCCCC[C@@H](CC(=O)SCCNC(=O)CCNC(=O)[C@@H](C(C)(C)COP(=O)(O)OP(=O)(O)OC[C@@H]1[C@H]([C@H]([C@@H](O1)N2C=NC3=C(N=CN=C32)N)O)OP(=O)(O)O)O)O
C03561	C[C@H](CC(=O)SCCNC(=O)CCNC(=O)[C@@H](C(C)(C)COP(=O)(O)OP(=O)(O)OC[C@@H]1[C@H]([C@H]([C@@H](O1)N2C=NC3=C(N=CN=C32)N)O)OP(=O)(O)O)O)O
C05278	CCCCC[C@H](CC(=O)SCCNC(=O)CCNC(=O)[C@@H](C(C)(C)COP(=O)(O)OP(=O)(O)OC[C@@H]1[C@H]([C@H]([C@@H](O1)N2C=NC3=C(N=CN=C32)N)O)OP(=O)(O)O)O)O
C05269	CCCC(=O)CC(=O)SCCNC(=O)CCNC(=O)[C@@H](C(C)(C)COP(=O)(O)OP(=O)(O)OC[C@@H]1[C@H]([C@H]([C@@H](O1)N2C=NC3=C(N=CN=C32)N)O)OP(=O)(O)O)O
C05267	CCCCCC(=O)CC(=O)SCCNC(=O)CCNC(=O)[C@@H](C(C)(C)COP(=O)(O)OP(=O)(O)OC[C@@H]1[C@H]([C@H]([C@@H](O1)N2C=NC3=C(N=CN=C32)N)O)OP(=O)(O)O)O
C02944	CCCCCCCC/C=C\CC(=O)SCCNC(=O)CCNC(=O)[C@@H](C(C)(C)COP(=O)(O)OP(=O)(O)OC[C@@H]1[C@H]([C@H]([C@@H](O1)N2C=NC3=C(N=CN=C32)N)O)OP(=O)(O)O)O
C05280	CCCCC/C=C\C/C=C\CC(=O)SCCNC(=O)CCNC(=O)[C@@H](C(C)(C)COP(=O)(O)OP(=O)(O)OC[C@@H]1[C@H]([C@H]([C@@H](O1)N2C=NC3=C(N=CN=C32)N)O)OP(=O)(O)O)O
C01192	CCCCCCCCCCCCCCCC(=O)OCC(=O)COP(=O)(O)O
C03805	CCCCCCCCCCCCCCCCCC(=O)OCC(=O)COP(=O)(O)O
C03630	CCCCCCCC/C=C\CCCCCCCC(=O)OCC(=O)COP(=O)(O)O
C04036	CCCCCCCCCCCCCCCC(=O)OCC(COP(=O)(O)O)O
C13889	CCCCCCCCCCCCCCCC(=O)OCC(COP(=O)(O)O)OC(=O)CCCCCCC/C=C\CCCCCCCC
C13892	CCCCCCCCCCCCCCCC(=O)OCC(COP(=O)(O)OP(=O)(O)OC[C@@H]1[C@H]([C@H]([C@@H](O1)N2C=CC(=NC2=O)N)O)O)OC(=O)CCCCCCC/C=C\CCCCCCCC
C00137	C1(C(C(C(C(C1O)O)O)O)O)O
C13880	CCCCCCCCCCCCCCCC(=O)OCC(COP(=O)(O)OC[C@@H](C(=O)O)N)OC(=O)CCCCCCC/C=C\CCCCCCCC
C13833	C1=CC2=C(C=C1C(F)(F)F)NC(=O)N2C3=C(C=CC(=C3)C(F)(F)F)O
C13888	CCCCCCCCCCCCCCCC(=O)OCC(COP(=O)(O)OC1[C@@H]([C@H](C([C@H]([C@H]1O)O)O)O)O)OC(=O)CCCCCCC/C=C\CCCCCCCC
C04102	CCCCCCCCCCCCCCCC(=O)OCC(COP(=O)(O)OCC[N+](C)(C)C)O
C03916	CCCCCCCC/C=C\CCCCCCCC(=O)OCC(COP(=O)(O)OCC[N+](C)(C)C)O
C13890	CCCCCCCCCCCCCCCC(=O)OCC(COP(=O)(O)OP(=O)(O)O)OC(=O)CCCCCCC/C=C\CCCCCCCC
C00032	CC1=C(C2=CC3=NC(=CC4=C(C(=C([N-]4)C=C5C(=C(C(=N5)C=C1[N-]2)C=C)C)C=C)C)C(=C3CCC(=O)O)C)CCC(=O)O.[Fe+2]
C00741	CC(=O)C(=O)C
C00301	C1=NC(=C2C(=N1)N(C=N2)[C@H]3[C@@H]([C@@H]([C@H](O3)COP(=O)(O)OP(=O)(O)OC[C@@H]4[C@H]([C@H]([C@@H](O4)O)O)O)O)O)N
C00472	C1=CC(=O)C=CC1=O
C02389	C1=CC(=CC=C1O)[O]
C00117	C([C@@H]1[C@H]([C@H](C(O1)O)O)O)OP(=O)(O)O
C04500	CC(CC/C=C(/C)\CC/C=C(\C)/CC/C=C(\C)/CCC=C(C)C)CCOP(=O)(O)OP(=O)(O)O[C@@H]1[C@@H]([C@H]([C@@H]([C@H](O1)CO)O)O)NC(=O)C
C06033	CC(CC(=O)C(=O)O)(C(=O)O)O
C15999	C[S@](=O)CC[C@@H](C(=O)O)N
C15522	C[C@@H]([C@@H]([C@H]1CN=C2[C@@](N1)(C(=O)NC(=N2)N)O)O)O
C00268	C[C@@H]([C@@H]([C@H]1CN=C2C(=N1)C(=O)NC(=N2)N)O)O
C00704	[O-][O]
C06369	C1[C@H]([C@@H]([C@H](OC1O)COP(=O)(O)O)O)O
C00586	C1[C@H]([C@@H]([C@H](OC1O)CO)O)O
C20227	C1=CC=C(C=C1)[C@@H](C(=O)C2=CC=CC=C2)O
C20226	C1=CC=C(C=C1)C(=O)C(=O)C2=CC=CC=C2
C02989	CS(=O)CC[C@@H](C(=O)O)N
C01879	C1CC(=O)N[C@@H]1C(=O)O
C11511	[C@H]([C@@H](C(=O)O)O)(C(=O)O)N
C05422	C([C@@H]([C@@H]1C(=O)C(=O)C(=O)O1)O)O
C00127	C(CC(=O)N[C@@H](CSSC[C@@H](C(=O)NCC(=O)O)NC(=O)CC[C@@H](C(=O)O)N)C(=O)NCC(=O)O)[C@@H](C(=O)O)N
C00072	C([C@@H]([C@@H]1C(=C(C(=O)O1)O)O)O)O
C01566	C(#N)N
C00018	CC1=NC=C(C(=C1O)C=O)COP(=O)(O)O
C14819	[Fe+3]
C06420	C1=CC(=CC=C1C[C@H](C(=O)O)N)O
C03360	C1=CC(=CC=C1[N+](=O)[O-])OP(=O)(O)O
C00870	C1=CC(=CC=C1[N+](=O)[O-])O
C01507	C([C@@H]([C@H]([C@@H]([C@H](CO)O)O)O)O)O
C00247	C1[C@@H]([C@H]([C@@H](C(O1)(CO)O)O)O)O
C04047	CC(CO)C(=O)SCCNC(=O)CCNC(=O)[C@@H](C(C)(C)COP(=O)(O)OP(=O)(O)OC[C@@H]1[C@H]([C@H]([C@@H](O1)N2C=NC3=C(N=CN=C32)N)O)OP(=O)(O)O)O
C02505	C1=CC=C(C=C1)CC(=O)N
C07086	C1=CC=C(C=C1)CC(=O)O
C02693	C1=CC=C2C(=C1)C(=CN2)CC(=O)N
C00511	C=CC(=O)O
C01659	C=CC(=O)N
C09815	C1=CC=C(C=C1)C(=O)N
C00180	C1=CC=C(C=C1)C(=O)O
C00257	C([C@H]([C@H]([C@@H]([C@H](C(=O)O)O)O)O)O)O
C00021	C1=NC(=C2C(=N1)N(C=N2)[C@H]3[C@@H]([C@@H]([C@H](O3)CSCC[C@@H](C(=O)O)N)O)O)N
C00256	C[C@H](C(=O)O)O
C16699	C([C@@H]1[C@H]([C@@H]([C@@H]([C@H](O1)O[C@H](CO)C(=O)O)O)O)O)OP(=O)(O)O
C00740	C([C@H](C(=O)O)N)O
C00621	CC(CC/C=C(/C)\CC/C=C(\C)/CC/C=C(\C)/CCC=C(C)C)CCOP(=O)(O)OP(=O)(O)O
C00533	[N]=O
C16241	C1CSS[C@@H]1CCCCC(=O)O
C00286	C1[C@@H]([C@H](O[C@H]1N2C=NC3=C2N=C(NC3=O)N)COP(=O)(O)OP(=O)(O)OP(=O)(O)O)O
C00459	CC1=CN(C(=O)NC1=O)[C@H]2C[C@@H]([C@H](O2)COP(=O)(O)OP(=O)(O)OP(=O)(O)O)O
C01847	CC1=CC2=C(C=C1C)N(C3=C(N2)C(=O)NC(=O)N3)C[C@@H]([C@@H]([C@@H](COP(=O)(O)O)O)O)O
C18091	CC=[N+]([O-])[O-]
C00088	N(=O)O
C19967	C1[C@@H]([C@H](O[C@H]1N2C3=C(C(=O)NC(=N3)N)NC2=O)COP(=O)(O)OP(=O)(O)OP(=O)(O)O)O
C05345	C([C@@H]1[C@H]([C@@H]([C@](O1)(CO)O)O)O)OP(=O)(O)O
C00221	C([C@@H]1[C@H]([C@@H]([C@H]([C@@H](O1)O)O)O)O)O
C00267	C([C@@H]1[C@H]([C@@H]([C@H]([C@H](O1)O)O)O)O)O
C00329	C([C@@H]1[C@H]([C@@H]([C@H](C(O1)O)N)O)O)O
C02336	C([C@@H]1[C@H]([C@@H]([C@](O1)(CO)O)O)O)O
C00668	C([C@@H]1[C@H]([C@@H]([C@H]([C@H](O1)O)O)O)O)OP(=O)(O)O
C01172	C([C@@H]1[C@H]([C@@H]([C@H]([C@@H](O1)O)O)O)O)OP(=O)(O)O
C00258	C([C@H](C(=O)O)O)O
C05985	C#CC=O
C00804	C#CC(=O)O
C02670	C(=O)[C@@H]([C@@H]1[C@@H]([C@@H](C(=O)O1)O)O)O
C01149	C[N+](C)(C)CCCC=O
C01181	C[N+](C)(C)CCCC(=O)O
C06002	C[C@@H](C=O)C(=O)O
C02170	CC(C(=O)O)C(=O)O
C05130	C1=C(NC=N1)CC=O
C02835	C1=C(NC=N1)CC(=O)O
C05445	C[C@H](CCCC(C)C=O)[C@H]1CC[C@@H]2[C@@]1(CC[C@H]3[C@H]2[C@@H](C[C@H]4[C@@]3(CC[C@H](C4)O)C)O)C
C04554	C[C@H](CCCC(C)C(=O)O)C1CCC2[C@@]1(CCC3C2[C@@H](C[C@H]4[C@@]3(CC[C@H](C4)O)C)O)C
C05634	C1=CC2=C(C=C1O)C(=CN2)CC=O
C05635	C1=CC2=C(C=C1O)C(=CN2)CC(=O)O
C05936	CC(=O)NCCCC=O
C02946	CC(=O)NCCCC(=O)O
C06613	C(=C/Cl)\C=O
C06614	C(=C/Cl)\C(=O)O
C16348	C(=C\Cl)\C=O
C06615	C(=C\Cl)\C(=O)O
C06754	C(C=O)Cl
C06755	C(C(=O)O)Cl
C02576	CC(=C)C1CCC(=CC1)C=O
C11924	CC(=C)C1CCC(=CC1)C(=O)O
C03461	CC(=CCC/C(=C/CC/C(=C/C=O)/C)/C)C
C16502	CC(=CCC/C(=C/CC/C(=C/C(=O)O)/C)/C)C
C00386	C1=C(NC=N1)C[C@@H](C(=O)O)NC(=O)CCN
C01262	CN1C=NC=C1C[C@@H](C(=O)O)NC(=O)CCN
C05868	CC(CC/C=C(/C)\CC/C=C(\C)/CC/C=C(\C)/CCC=C(C)C)CCOP(=O)(O)OP(=O)(O)O[C@@H]1[C@@H]([C@H]([C@@H]([C@H](O1)CO)O[C@H]2[C@@H]([C@H]([C@@H]([C@H](O2)CO)O[C@H]3[C@H]([C@H]([C@@H]([C@H](O3)CO[C@@H]4[C@H]([C@H]([C@@H]([C@H](O4)CO[C@@H]5[C@H]([C@H]([C@@H]([C@H](O5)CO)O)O)O[C@@H]6[C@H]([C@H]([C@@H]([C@H](O6)CO)O)O)O)O)O[C@@H]7[C@H]([C@H]([C@@H]([C@H](O7)CO)O)O)O[C@@H]8[C@H]([C@H]([C@@H]([C@H](O8)CO)O)O)O)O)O)O[C@@H]9[C@H]([C@H]([C@@H]([C@H](O9)CO)O)O)O[C@@H]1[C@H]([C@H]([C@@H]([C@H](O1)CO)O)O)O[C@@H]1[C@H]([C@H]([C@@H]([C@H](O1)CO)O)O)O)O)O)NC(=O)C)O)NC(=O)C
C00160	C(C(=O)O)O
C00252	C([C@@H]1[C@H]([C@@H]([C@H]([C@H](O1)OC[C@@H]2[C@H]([C@@H]([C@H](C(O2)O)O)O)O)O)O)O)O
C01246	CC(CC/C=C(/C)\CC/C=C(\C)/CC/C=C(\C)/CCC=C(C)C)CCOP(=O)(O)O[C@H]1[C@@H]([C@H]([C@@H]([C@H](O1)CO)O)O)O
C05198	C[C@@H]1[C@H]([C@H]([C@@H](O1)N2C=NC3=C(N=CN=C32)N)O)O
C01326	C#N
C00320	OS(=O)(=S)[O-]
C11481	OS(=O)[O-]
C01755	C(#N)S
C00140	CC(=O)N[C@@H]1[C@H]([C@@H]([C@H](OC1O)CO)O)O
C00404	OP(=O)(O)OP(=O)(O)OP(=O)(O)O
C00940	C(CC(=O)N)C(=O)C(=O)O
C02355	C1=CN(C(=O)NC1=O)[C@H]2[C@H]3[C@@H]([C@H](O2)CO)OP(=O)(O3)O
C02354	C1=CN(C(=O)N=C1N)[C@H]2[C@H]3[C@@H]([C@H](O2)CO)OP(=O)(O3)O
C01835	C([C@@H]1[C@H]([C@@H]([C@H]([C@H](O1)O[C@@H]2[C@H](O[C@@H]([C@@H]([C@H]2O)O)O[C@@H]3[C@H](OC([C@@H]([C@H]3O)O)O)CO)CO)O)O)O)O
C00536	OP(=O)(O)OP(=O)(O)OP(=O)(O)O
C06194	C1=NC2=C(N1[C@H]3[C@H]4[C@@H]([C@H](O3)CO)OP(=O)(O4)O)N=C(NC2=O)N
C19636	C([C@@H]1[C@H]([C@@H]([C@H]([C@H](O1)O[C@@H]([C@@H]([C@@H](CO)O)O)C(=O)CO)O)O)O)O
C02630	C(CC(=O)O)C(C(=O)O)O
C01595	CCCCC/C=C\C/C=C\CCCCCCCC(=O)O
C12292	CCCCCCCC(=O)OCC
C00479	CCC=O
C01180	CSCCC(=O)C(=O)O
C00163	CCC(=O)O
C06044	C1=CC(=CC=C1CCO)O
C05979	CCCO
C00957	C(C(=O)C(=O)O)S
C18319	CCC(C)C(=O)O
C02265	C1=CC=C(C=C1)C[C@H](C(=O)O)N
C01672	C(CCN)CCN
C20247	CC1=C(SC(=N1)C(=O)O)CCOP(=O)(O)O
C21214	CC(=CCOP(=O)(O)O)C
C21215	CC1=CC2=C3C(=C1C)C(CCN3C4=C(N2C[C@@H]([C@@H]([C@@H](COP(=O)(O)O)O)O)O)NC(=O)NC4=O)(C)C
C00309	C1[C@H]([C@H](C(O1)(CO)O)O)O
C00330	C1[C@@H]([C@H](O[C@H]1N2C=NC3=C2N=C(NC3=O)N)CO)O
C00672	C1[C@@H]([C@H](O[C@@H]1OP(=O)(O)O)CO)O
C01157	C1[C@H](CN[C@@H]1C(=O)O)O
C06000	C[C@@H](CO)C(=O)SCCNC(=O)CCNC(=O)[C@@H](C(C)(C)COP(=O)(O)OP(=O)(O)OC[C@@H]1[C@H]([C@H]([C@@H](O1)N2C=NC3=C(N=CN=C32)N)O)OP(=O)(O)O)O
C06001	C[C@@H](CO)C(=O)O
C02376	CC1=C(NC(=O)N=C1)N
C06197	C1=NC(=C2C(=N1)N(C=N2)[C@H]3[C@@H]([C@@H]([C@H](O3)COP(=O)(O)OP(=O)(O)OP(=O)(O)OC[C@@H]4[C@H]([C@H]([C@@H](O4)N5C=NC6=C(N=CN=C65)N)O)O)O)O)N
